id,acount_number,full_name,email,address,phone_number,plan_type,roaming_svc,callernum_svc
1,516232152,Harv Hew,hhew0@constantcontact.com,47 Brentwood Hill,149-410-5392,SIM-Only,No,No
2,981005019,Layne Jandak,ljandak1@walmart.com,59 Eastwood Trail,430-636-9982,SIM-Only,Yes,No
3,531130447,Golda Blonden,gblonden2@nymag.com,17 Del Sol Junction,904-391-1687,Base Plan,No,Yes
4,784183879,Laverne Sergent,lsergent3@creativecommons.org,503 Laurel Terrace,755-702-6764,SIM-Only,Yes,No
5,544856911,King Alexsandrov,kalexsandrov4@ca.gov,55 Graceland Drive,888-180-5456,SIM-Only,Yes,No
6,131474014,Emmott Seiler,eseiler5@chronoengine.com,8814 La Follette Place,304-797-2349,SIM-Only,Yes,No
7,235072275,Claudell Cattow,ccattow6@paypal.com,368 Hovde Alley,268-888-1826,SIM-Only,Yes,No
8,955838919,Trueman Ladd,tladd7@addthis.com,507 Cascade Alley,179-373-4412,Base Plan,Yes,No
9,456760759,Else Brimming,ebrimming8@sun.com,27737 3rd Plaza,780-292-3135,Base Plan,No,No
10,306799710,Rube Jahnke,rjahnke9@jalbum.net,2676 Crest Line Pass,249-857-5788,Base Plan,Yes,No
11,893236735,Janith Wither,jwithera@salon.com,0396 Miller Junction,107-211-4625,SIM-Only,No,No
12,252548017,Kev Anan,kananb@china.com.cn,94179 Vidon Hill,781-833-9265,Base Plan,Yes,No
13,343158062,Perla Wauchope,pwauchopec@noaa.gov,4670 Lighthouse Bay Alley,631-971-0679,SIM-Only,No,Yes
14,275321330,Aloisia Lankester,alankesterd@bbb.org,6524 Rusk Junction,735-882-2144,SIM-Only,No,No
15,262244017,Bryana Shirtliff,bshirtliffe@wikipedia.org,918 Marquette Avenue,336-487-6029,SIM-Only,No,Yes
16,435045642,Michell Semechik,msemechikf@163.com,5370 Grover Junction,215-100-7906,Base Plan,No,No
17,762884731,Alexandre Staterfield,astaterfieldg@bloomberg.com,11952 Trailsway Court,319-661-5429,Base Plan,No,Yes
18,379573220,Celestia Bellhanger,cbellhangerh@wsj.com,32518 Schurz Road,384-275-5133,Base Plan,No,No
19,795570010,Joane Lamplough,jlamploughi@smh.com.au,38 Quincy Way,996-412-6668,SIM-Only,No,No
20,247226989,Conway Parsons,cparsonsj@wired.com,74 Morrow Trail,948-525-9585,SIM-Only,Yes,Yes
21,286032770,Harriett Chatel,hchatelk@jimdo.com,73407 Cordelia Junction,359-933-2029,Base Plan,No,Yes
22,717400077,Leonard McCurley,lmccurleyl@loc.gov,2 Fremont Plaza,683-397-2268,SIM-Only,No,Yes
23,900439474,Alf Verrier,averrierm@sohu.com,0040 Mitchell Plaza,352-218-7914,Base Plan,Yes,Yes
24,241244385,Cori Crosscombe,ccrosscomben@wsj.com,9954 Novick Hill,707-563-4059,SIM-Only,Yes,Yes
25,320469847,Paco Di Nisco,pdio@squarespace.com,96 Reinke Point,470-664-6627,SIM-Only,Yes,Yes
26,306248899,Nelie Rubega,nrubegap@spotify.com,7 Carey Junction,727-730-7515,Base Plan,Yes,No
27,668968820,Nathanael Godney,ngodneyq@hexun.com,0522 Rockefeller Road,464-774-5033,SIM-Only,No,Yes
28,596233742,Cherianne Ralphs,cralphsr@indiegogo.com,25 Mccormick Point,945-485-3141,SIM-Only,Yes,No
29,654643901,Augustina Canty,acantys@blogspot.com,8238 Tennyson Way,495-186-1054,SIM-Only,Yes,Yes
30,648159325,Sammy Degue,sdeguet@jalbum.net,35501 Milwaukee Lane,398-690-7101,SIM-Only,Yes,Yes
31,196798663,Brooke Checketts,bcheckettsu@list-manage.com,5347 Darwin Way,717-242-7875,Base Plan,Yes,Yes
32,024091199,Koenraad Boddam,kboddamv@nationalgeographic.com,79 Melrose Street,260-542-2051,SIM-Only,No,Yes
33,072405316,Arabele Maxsted,amaxstedw@time.com,38752 Canary Junction,107-927-1510,SIM-Only,No,No
34,928381681,Rick Lovemore,rlovemorex@guardian.co.uk,8266 Crowley Lane,449-958-6269,SIM-Only,No,Yes
35,593240362,Dukey Sharland,dsharlandy@bbb.org,73798 Fuller Junction,653-254-0558,SIM-Only,Yes,Yes
36,774195724,Tammie Passman,tpassmanz@columbia.edu,71 Evergreen Way,603-377-7852,Base Plan,No,Yes
37,730936216,Clea Lorenzetto,clorenzetto10@umn.edu,38343 Crownhardt Park,568-187-8089,SIM-Only,Yes,No
38,586905145,Alfie Farryan,afarryan11@a8.net,232 Hoard Point,292-441-3230,Base Plan,Yes,Yes
39,293385099,Grantham Skokoe,gskokoe12@creativecommons.org,96659 Fair Oaks Alley,360-763-1251,SIM-Only,Yes,Yes
40,611079386,Janice Beaument,jbeaument13@umn.edu,67 Ridgeway Hill,699-908-9798,Base Plan,No,Yes
41,432702272,Annadiane Retallack,aretallack14@microsoft.com,1 Chinook Alley,488-962-7311,Base Plan,Yes,Yes
42,734937597,Mitzi Rushmer,mrushmer15@ocn.ne.jp,90735 Ramsey Trail,663-718-7246,Base Plan,Yes,Yes
43,382290698,Isaak Jee,ijee16@sun.com,81 Continental Point,738-413-8020,SIM-Only,Yes,Yes
44,150140470,Leona Sandhill,lsandhill17@slate.com,50097 Ramsey Parkway,585-446-4534,SIM-Only,Yes,Yes
45,213177621,L;urette Ruf,lruf18@wsj.com,68 Comanche Park,143-876-8532,Base Plan,No,Yes
46,608356709,Ernestus Heather,eheather19@vinaora.com,51860 Fulton Court,344-491-5918,SIM-Only,No,No
47,048790083,Fee Hefner,fhefner1a@theatlantic.com,42104 Heath Hill,872-873-3881,Base Plan,Yes,No
48,658044039,Selma Stable,sstable1b@engadget.com,114 Northport Pass,407-840-7686,Base Plan,Yes,Yes
49,246048028,Ainsley Twaite,atwaite1c@dmoz.org,92 Knutson Junction,529-346-5607,Base Plan,No,Yes
50,113324758,Pieter Sangwin,psangwin1d@imdb.com,1087 Nancy Pass,593-152-9089,Base Plan,No,Yes
51,716890874,Belita Szymonwicz,bszymonwicz1e@sbwire.com,472 Hanson Terrace,343-278-8444,SIM-Only,Yes,Yes
52,421605440,Shirline Allchorne,sallchorne1f@marketwatch.com,4585 School Place,987-780-6397,SIM-Only,Yes,Yes
53,156801997,Adelina Hurkett,ahurkett1g@bing.com,66144 Bluestem Avenue,408-974-3180,SIM-Only,No,No
54,857268850,Ernesta McInulty,emcinulty1h@japanpost.jp,35152 Arizona Drive,249-400-3794,Base Plan,No,No
55,513528551,Napoleon Darco,ndarco1i@google.ru,1 American Ash Terrace,684-636-5373,SIM-Only,Yes,Yes
56,994913316,Brittani Dumbelton,bdumbelton1j@plala.or.jp,040 Heffernan Way,693-274-9876,SIM-Only,Yes,Yes
57,515460903,Felecia Evins,fevins1k@homestead.com,9 Coleman Point,713-691-0899,Base Plan,Yes,No
58,081569858,Elmore Pym,epym1l@theglobeandmail.com,4051 Continental Alley,913-285-5466,SIM-Only,No,Yes
59,061316859,Jobyna Ruben,jruben1m@reference.com,29 Michigan Street,808-773-3439,Base Plan,Yes,No
60,591899248,Orella Gatling,ogatling1n@constantcontact.com,8 Clove Center,406-374-7967,Base Plan,No,No
61,959210769,Henrietta Stiggles,hstiggles1o@disqus.com,1308 Gateway Hill,523-345-6976,Base Plan,Yes,No
62,946476365,Roxi Minithorpe,rminithorpe1p@google.ca,951 Kenwood Road,111-734-2533,Base Plan,No,No
63,907505961,Rubie Inch,rinch1q@businesswire.com,81 High Crossing Avenue,538-803-5366,Base Plan,No,No
64,118243488,Tyrone Carff,tcarff1r@etsy.com,317 Red Cloud Street,724-706-2920,SIM-Only,No,No
65,147250639,Susann Geddes,sgeddes1s@163.com,43605 Dawn Point,930-630-1818,Base Plan,Yes,Yes
66,371778837,Layton Dikles,ldikles1t@earthlink.net,11608 Stephen Hill,778-904-9507,Base Plan,No,No
67,263083916,Mora Sibille,msibille1u@dropbox.com,447 Thompson Drive,668-544-6451,SIM-Only,Yes,No
68,915860589,Vinny Killingworth,vkillingworth1v@time.com,5 Tennessee Plaza,377-567-3639,Base Plan,Yes,No
69,398195492,Kendra Beynkn,kbeynkn1w@npr.org,291 Annamark Point,485-626-2796,SIM-Only,No,No
70,630890127,Aline Denyagin,adenyagin1x@mozilla.com,42 Claremont Terrace,271-310-2545,Base Plan,No,Yes
71,173145658,Ranna Radke,rradke1y@soup.io,8718 Mitchell Trail,982-126-8701,SIM-Only,Yes,No
72,516056752,Loren Niesing,lniesing1z@yellowbook.com,57 Rockefeller Pass,364-830-5598,SIM-Only,Yes,Yes
73,545874677,Victoria Godbolt,vgodbolt20@prweb.com,1394 Granby Road,484-638-9242,Base Plan,Yes,No
74,280422099,Josefa Aronow,jaronow21@nyu.edu,0 Buell Avenue,213-887-0970,SIM-Only,Yes,Yes
75,005905330,Biron Record,brecord22@yolasite.com,4 Kenwood Hill,438-122-0076,SIM-Only,No,No
76,470344330,Selie Rowsel,srowsel23@amazon.co.uk,7 Nova Street,788-484-5110,Base Plan,Yes,Yes
77,491907614,Frankie Orro,forro24@blogs.com,098 Corscot Terrace,496-576-2044,Base Plan,No,Yes
78,689480942,Shurlocke Skelhorn,sskelhorn25@hexun.com,20 Mccormick Park,597-504-5284,Base Plan,Yes,No
79,095759464,Horatia Marte,hmarte26@webeden.co.uk,6100 Sachs Park,423-987-2194,Base Plan,No,No
80,372088867,Kathie Swedeland,kswedeland27@gmpg.org,69452 Oak Valley Lane,420-564-4435,Base Plan,Yes,Yes
81,384347374,Rasla Topp,rtopp28@tripod.com,8179 Stephen Street,288-479-9612,Base Plan,Yes,Yes
82,789356919,Brandea Casella,bcasella29@tripadvisor.com,52176 Vahlen Terrace,271-376-4266,Base Plan,No,No
83,970024588,Ransom Roon,rroon2a@eepurl.com,020 Stang Park,409-781-4416,Base Plan,Yes,No
84,078282404,Delmore Yurov,dyurov2b@ed.gov,3 Quincy Center,431-189-7298,Base Plan,Yes,Yes
85,142144494,Stanly Offiler,soffiler2c@zdnet.com,56 Village Street,777-906-1574,SIM-Only,No,Yes
86,256677364,Timothea Samwayes,tsamwayes2d@photobucket.com,0080 Dapin Plaza,782-763-2790,SIM-Only,No,Yes
87,623918549,Rudolfo Bynold,rbynold2e@storify.com,00 Marquette Pass,737-862-9599,Base Plan,Yes,Yes
88,857505374,Earvin Basso,ebasso2f@jimdo.com,6 Dennis Alley,751-290-4787,SIM-Only,No,Yes
89,631859686,Dion Mathouse,dmathouse2g@hostgator.com,1 Sherman Junction,389-408-7502,SIM-Only,Yes,No
90,883391852,Tades Brocklebank,tbrocklebank2h@independent.co.uk,33 Vera Park,564-767-8244,SIM-Only,No,No
91,617439297,Catherin Astle,castle2i@bizjournals.com,2735 Upham Hill,309-379-6371,Base Plan,No,No
92,359652970,Darby Passie,dpassie2j@smugmug.com,613 Gulseth Parkway,342-183-8399,SIM-Only,No,No
93,799525417,Ami Jaynes,ajaynes2k@gnu.org,97 Di Loreto Circle,922-221-5369,Base Plan,No,No
94,448015496,Feliks Treece,ftreece2l@163.com,1 Sage Lane,947-447-5162,SIM-Only,Yes,Yes
95,681633705,Archambault Barosch,abarosch2m@howstuffworks.com,8 Fairview Street,302-886-2952,Base Plan,No,No
96,735995257,Gibby Serman,gserman2n@amazon.com,2764 Thompson Court,618-290-9473,SIM-Only,Yes,Yes
97,206411286,Aurelea Cogdon,acogdon2o@unc.edu,395 Carpenter Point,550-658-5626,SIM-Only,Yes,Yes
98,678431059,Dalis Meese,dmeese2p@mashable.com,89703 Oxford Parkway,240-786-8731,SIM-Only,Yes,Yes
99,782819372,Cherianne O'Hallagan,cohallagan2q@archive.org,986 Hanson Point,496-872-3694,Base Plan,Yes,Yes
100,155753011,Jandy Onthank,jonthank2r@altervista.org,8935 Bellgrove Park,497-624-9281,SIM-Only,No,No
101,330842604,Trenton Peracco,tperacco2s@unesco.org,20 Sugar Avenue,634-767-0909,SIM-Only,Yes,Yes
102,595718882,Zack Lotte,zlotte2t@cafepress.com,18242 Grayhawk Road,338-547-2204,Base Plan,No,No
103,912204689,Mirella Rolfini,mrolfini2u@nps.gov,7118 Graedel Point,671-197-4759,Base Plan,Yes,No
104,947354242,Hervey Gasking,hgasking2v@spotify.com,54 Oakridge Road,617-283-3373,Base Plan,Yes,No
105,297290338,Chevy Soot,csoot2w@posterous.com,84 Leroy Pass,778-937-4367,Base Plan,Yes,Yes
106,948483729,Dominique Kleis,dkleis2x@cyberchimps.com,6 Corry Hill,114-765-4758,SIM-Only,No,Yes
107,586552740,Sybyl Downton,sdownton2y@theatlantic.com,86842 Arkansas Park,530-764-9507,SIM-Only,Yes,Yes
108,212495386,Dall Vallow,dvallow2z@ca.gov,48922 Prairie Rose Point,796-152-0372,Base Plan,Yes,Yes
109,055961374,Dagmar Blanshard,dblanshard30@twitter.com,31 Forest Terrace,790-103-6477,SIM-Only,Yes,Yes
110,781785198,Luciana Gold,lgold31@wikipedia.org,614 Monica Terrace,177-857-2612,SIM-Only,Yes,No
111,123237926,Shandie Cogger,scogger32@youtube.com,83557 New Castle Hill,434-525-2469,SIM-Only,Yes,No
112,309096696,Chic Worsalls,cworsalls33@nature.com,1 Fieldstone Trail,986-618-6345,SIM-Only,Yes,No
113,386405156,Cori Sygroves,csygroves34@cargocollective.com,2054 Graceland Circle,260-768-8687,Base Plan,Yes,Yes
114,968696786,Shalne Stoll,sstoll35@gmpg.org,9 Thierer Trail,763-544-9111,Base Plan,No,No
115,937483366,Ileana Ferras,iferras36@hhs.gov,13 Sundown Trail,359-699-9597,Base Plan,No,Yes
116,809377774,Rolando Thursby,rthursby37@springer.com,1 Fordem Park,449-503-2547,Base Plan,No,Yes
117,748823469,Erik Tipling,etipling38@oakley.com,9 Havey Plaza,171-283-9229,SIM-Only,No,Yes
118,765360410,Jami Yegorov,jyegorov39@reference.com,50855 Manley Trail,676-939-0499,Base Plan,Yes,Yes
119,879356361,Cornall Brockest,cbrockest3a@barnesandnoble.com,80358 Daystar Point,755-668-6209,Base Plan,Yes,No
120,723709434,Hanan Grise,hgrise3b@vimeo.com,3 Birchwood Way,719-346-2994,SIM-Only,No,Yes
121,025250685,Anett Defraine,adefraine3c@bigcartel.com,2 Starling Hill,482-508-5264,Base Plan,Yes,No
122,885788122,Stefan Jerdein,sjerdein3d@mail.ru,67849 Caliangt Center,821-305-9212,Base Plan,No,No
123,955453543,Emmie Figure,efigure3e@slideshare.net,454 Lakewood Junction,268-424-8959,SIM-Only,Yes,Yes
124,277038720,Keene Nana,knana3f@com.com,1 Alpine Terrace,959-750-6218,Base Plan,Yes,No
125,094208122,Albertina Peealess,apeealess3g@engadget.com,1 Gateway Drive,196-829-2052,Base Plan,No,No
126,669237608,Giavani Batson,gbatson3h@hao123.com,24 Sauthoff Center,472-778-4414,Base Plan,Yes,No
127,520512268,Mick Guyon,mguyon3i@liveinternet.ru,6754 Southridge Court,368-459-5105,Base Plan,No,Yes
128,913756890,Ibrahim Karchowski,ikarchowski3j@soup.io,7638 Fremont Avenue,986-904-9262,Base Plan,No,Yes
129,469691343,Issy Gierek,igierek3k@indiatimes.com,786 Dwight Street,612-434-1375,SIM-Only,Yes,No
130,215849141,Corney Kilford,ckilford3l@hc360.com,351 Carey Drive,140-731-4339,Base Plan,No,Yes
131,960202418,Krista Verson,kverson3m@google.co.uk,2 Macpherson Avenue,190-672-7593,SIM-Only,Yes,Yes
132,038123106,Hedy Corbin,hcorbin3n@indiatimes.com,173 Rieder Parkway,530-345-3754,SIM-Only,Yes,No
133,265583874,Gilbertine Hartas,ghartas3o@icq.com,2127 Sage Alley,212-215-9614,Base Plan,No,Yes
134,822601207,Alvinia Settle,asettle3p@deviantart.com,3113 Boyd Point,856-570-1515,Base Plan,No,No
135,013505041,Janey Pennaman,jpennaman3q@amazonaws.com,39620 Loeprich Court,609-546-8627,SIM-Only,No,Yes
136,819195695,Gayelord Gillison,ggillison3r@hc360.com,7 Nova Alley,148-249-8405,Base Plan,No,Yes
137,217345798,Andrei Brayson,abrayson3s@delicious.com,44 Fairview Way,573-781-0640,Base Plan,No,No
138,588758708,Alfonse Wimp,awimp3t@gnu.org,09079 Shasta Plaza,712-352-1251,Base Plan,No,No
139,800772458,Mildrid Chitham,mchitham3u@cam.ac.uk,928 Monica Plaza,399-786-2406,SIM-Only,Yes,Yes
140,043826687,Maitilde Ashpole,mashpole3v@washington.edu,61 Trailsway Park,460-154-2649,Base Plan,Yes,No
141,451280034,Sibeal Symmers,ssymmers3w@telegraph.co.uk,30 Corscot Park,958-909-0785,Base Plan,No,Yes
142,250784638,Isidore Arter,iarter3x@histats.com,91 Hauk Plaza,421-555-1330,SIM-Only,No,No
143,147421854,Newton Whellans,nwhellans3y@whitehouse.gov,01 Hoard Way,114-179-7880,SIM-Only,Yes,No
144,621021329,Hubey Pesticcio,hpesticcio3z@sitemeter.com,3 Mcguire Way,764-146-4473,Base Plan,No,No
145,522416561,Toddy Gooder,tgooder40@gravatar.com,0 Mcguire Parkway,485-939-6974,Base Plan,No,No
146,117384542,Rockey Zanetto,rzanetto41@mapy.cz,731 Riverside Avenue,160-615-6115,SIM-Only,No,No
147,267471311,Reba Mynett,rmynett42@networkadvertising.org,3 Nobel Pass,223-234-9404,SIM-Only,Yes,No
148,111086381,Saundra Laugherane,slaugherane43@fema.gov,35929 Johnson Road,599-937-7454,Base Plan,No,Yes
149,309753965,Errol Slyne,eslyne44@pen.io,603 Lotheville Crossing,917-337-8188,Base Plan,Yes,Yes
150,066408195,Eberto Sharer,esharer45@jimdo.com,1 Kenwood Lane,454-584-8606,SIM-Only,No,Yes
151,439729967,Bennett Van Der Walt,bvan46@skyrock.com,1415 Pleasure Parkway,456-814-6017,Base Plan,No,No
152,620867148,Hyman Luquet,hluquet47@devhub.com,33893 Prentice Center,712-213-5264,Base Plan,Yes,Yes
153,866074472,Arther Trott,atrott48@over-blog.com,5 Clove Crossing,529-319-2256,SIM-Only,Yes,Yes
154,616409767,Vicky Renshell,vrenshell49@economist.com,699 Hollow Ridge Lane,549-932-5346,Base Plan,No,Yes
155,876103346,Nora Paterno,npaterno4a@tinyurl.com,10 Burrows Plaza,934-296-7719,Base Plan,Yes,Yes
156,693772028,Corenda Barlee,cbarlee4b@ihg.com,88524 Sunnyside Avenue,669-360-9134,SIM-Only,Yes,Yes
157,224094552,Carina Myatt,cmyatt4c@yelp.com,7974 Union Road,313-158-6186,SIM-Only,Yes,No
158,000667404,Essy Phinnessy,ephinnessy4d@shinystat.com,1 Grayhawk Park,583-446-6139,Base Plan,No,No
159,773301570,Titus Geck,tgeck4e@howstuffworks.com,0091 Thierer Street,258-288-0718,SIM-Only,No,No
160,250059440,Syman Jansey,sjansey4f@gmpg.org,70 Forest Run Trail,715-487-9471,Base Plan,Yes,Yes
161,160499894,Shandee Olifard,solifard4g@nydailynews.com,91 Fair Oaks Road,184-864-9583,SIM-Only,No,No
162,527937983,Drugi Hallmark,dhallmark4h@deviantart.com,8109 North Center,411-932-6891,Base Plan,Yes,Yes
163,853777584,Christal Buse,cbuse4i@blogger.com,520 Emmet Street,677-498-2981,SIM-Only,No,Yes
164,819487845,Arluene Maharey,amaharey4j@patch.com,7437 Warrior Street,396-140-8538,SIM-Only,No,Yes
165,732334168,Ansell Yushkov,ayushkov4k@huffingtonpost.com,0 Judy Avenue,634-626-5073,SIM-Only,No,No
166,496066594,Bamby Pothbury,bpothbury4l@t.co,42826 Eggendart Avenue,368-622-3496,Base Plan,No,Yes
167,724127204,Betteann Burnhams,bburnhams4m@elegantthemes.com,4464 Doe Crossing Center,382-472-1752,Base Plan,No,Yes
168,288866715,Gustie Blastock,gblastock4n@facebook.com,5 Derek Crossing,462-507-7529,Base Plan,Yes,Yes
169,558878128,Warner Evens,wevens4o@pcworld.com,556 Farragut Road,476-906-3323,Base Plan,Yes,Yes
170,348296478,Evelyn Robeiro,erobeiro4p@qq.com,2907 Washington Street,153-387-5360,SIM-Only,Yes,No
171,810781919,Kayla Jeffcoate,kjeffcoate4q@google.fr,976 Harper Point,625-219-8417,Base Plan,Yes,Yes
172,292238145,Dwight Davidof,ddavidof4r@surveymonkey.com,99302 Carberry Circle,400-481-9314,Base Plan,Yes,Yes
173,163436231,Haydon Rive,hrive4s@aboutads.info,92 Surrey Center,835-232-9719,Base Plan,Yes,Yes
174,182066086,Marcus Manning,mmanning4t@tinypic.com,85 Claremont Terrace,339-449-9104,Base Plan,No,Yes
175,946481679,Nalani Smitheman,nsmitheman4u@berkeley.edu,710 Vermont Parkway,290-162-0918,SIM-Only,No,Yes
176,605752842,Gwyn LAbbet,glabbet4v@netvibes.com,9767 Scofield Terrace,971-375-5748,SIM-Only,Yes,Yes
177,894748643,Hanna Purdy,hpurdy4w@typepad.com,96219 Carey Parkway,426-463-3031,SIM-Only,Yes,No
178,488895869,Seth Syson,ssyson4x@example.com,47 Service Terrace,488-941-7460,SIM-Only,No,Yes
179,970923048,Stanton Degenhardt,sdegenhardt4y@mozilla.org,281 Boyd Point,560-886-3892,SIM-Only,Yes,Yes
180,924777365,Mellisa Belfit,mbelfit4z@xinhuanet.com,73513 Melrose Parkway,907-525-3564,Base Plan,No,No
181,532794944,Daisie Blundon,dblundon50@freewebs.com,267 Jay Plaza,590-685-5610,SIM-Only,No,Yes
182,175146241,Georgeanne Longwood,glongwood51@discovery.com,86881 Namekagon Point,161-929-3385,Base Plan,No,No
183,061587722,Loree Bennett,lbennett52@jalbum.net,96 Pond Street,837-376-9591,Base Plan,No,Yes
184,080921156,Dannie Bulbrook,dbulbrook53@princeton.edu,4860 Center Crossing,620-955-0965,SIM-Only,Yes,No
185,877620112,Siobhan Manning,smanning54@hc360.com,141 Grasskamp Pass,506-804-7861,SIM-Only,No,Yes
186,634740606,Eba Djurevic,edjurevic55@tumblr.com,5660 Jay Drive,125-169-6252,Base Plan,No,No
187,534167560,Tate Stephenson,tstephenson56@51.la,18 Nova Crossing,513-912-2875,SIM-Only,No,Yes
188,369621202,Ulises Langthorne,ulangthorne57@wsj.com,3464 Prentice Point,767-699-6682,Base Plan,Yes,No
189,750974452,Bellanca Sudell,bsudell58@xinhuanet.com,74 Darwin Drive,122-507-6640,Base Plan,No,No
190,896784090,Booth Hendrich,bhendrich59@zimbio.com,7262 Duke Avenue,356-800-7229,SIM-Only,No,No
191,005376938,Emmy Sheed,esheed5a@goo.gl,0491 Hooker Center,739-810-9178,SIM-Only,Yes,Yes
192,937617537,Caroline Darlington,cdarlington5b@sina.com.cn,6 Columbus Terrace,354-626-8448,SIM-Only,No,No
193,407693423,Ronny Perle,rperle5c@tmall.com,863 Dixon Junction,157-280-0654,Base Plan,Yes,Yes
194,465138736,Lou Gildersleaves,lgildersleaves5d@sciencedaily.com,9 Brentwood Plaza,145-138-6807,Base Plan,No,Yes
195,738293222,Reta Quail,rquail5e@twitpic.com,34 Golf Way,328-621-8730,SIM-Only,Yes,Yes
196,865342582,Jimmy Rudall,jrudall5f@ox.ac.uk,991 Maywood Street,323-619-4231,SIM-Only,No,No
197,738821968,Knox O'Crigane,kocrigane5g@spotify.com,54760 Homewood Park,666-812-3105,SIM-Only,Yes,Yes
198,705595420,Lucienne Tilbey,ltilbey5h@amazon.de,62363 Wayridge Pass,220-883-5456,Base Plan,Yes,No
199,913028254,Nelly Easson,neasson5i@microsoft.com,59 Banding Way,952-646-9245,Base Plan,Yes,No
200,857911029,Wallache Blackway,wblackway5j@opera.com,5423 Talmadge Avenue,362-825-1432,SIM-Only,Yes,Yes
201,604948658,Angie Szimon,aszimon5k@ted.com,923 Canary Crossing,549-874-5720,SIM-Only,Yes,Yes
202,771557843,Delainey O'Lagene,dolagene5l@shareasale.com,279 Westridge Street,844-899-3727,SIM-Only,No,Yes
203,992844852,Maximilien Blasoni,mblasoni5m@w3.org,331 Myrtle Point,567-371-1458,Base Plan,No,No
204,738205128,Ruprecht Handover,rhandover5n@google.pl,9 Sullivan Terrace,901-227-1487,Base Plan,No,No
205,927778488,Floris Abrahart,fabrahart5o@skyrock.com,65 Wayridge Center,670-517-8882,SIM-Only,No,Yes
206,612586605,Minetta Partner,mpartner5p@nbcnews.com,52 Schurz Road,207-211-8936,SIM-Only,No,Yes
207,604320323,Nevile Warret,nwarret5q@sun.com,06440 Kings Way,807-281-3580,SIM-Only,No,No
208,794240092,Donnie Mander,dmander5r@nytimes.com,100 Manitowish Way,101-342-2057,SIM-Only,Yes,No
209,042142167,Silvio Andersen,sandersen5s@ning.com,80 New Castle Hill,910-876-6521,Base Plan,Yes,No
210,395426206,Catharina Tinn,ctinn5t@nationalgeographic.com,6367 Manitowish Drive,378-594-7050,Base Plan,No,Yes
211,261453099,Michele Workes,mworkes5u@w3.org,873 Sunnyside Place,997-880-2753,SIM-Only,Yes,No
212,431451438,Julissa Carlyon,jcarlyon5v@va.gov,722 Oneill Terrace,239-367-1509,SIM-Only,No,No
213,549209889,Savina Gehrtz,sgehrtz5w@dyndns.org,984 Texas Hill,480-283-0566,SIM-Only,Yes,Yes
214,979257659,Gerek Tobias,gtobias5x@timesonline.co.uk,7 Marcy Park,348-808-3596,Base Plan,No,No
215,364716305,Roth Mechic,rmechic5y@g.co,00 Tomscot Place,298-167-4989,SIM-Only,Yes,Yes
216,311334966,Thom Week,tweek5z@meetup.com,315 Spenser Park,496-190-4821,Base Plan,No,Yes
217,760974028,Jermaine Antyukhin,jantyukhin60@exblog.jp,19 Oneill Trail,813-562-1747,Base Plan,Yes,Yes
218,053048698,Laney Foux,lfoux61@dell.com,771 Canary Street,766-682-2861,SIM-Only,No,No
219,108950779,Crista Whewell,cwhewell62@uiuc.edu,4 Schmedeman Circle,314-226-8254,SIM-Only,No,No
220,939010770,Avictor Burt,aburt63@huffingtonpost.com,5973 Schurz Drive,661-414-0479,SIM-Only,Yes,Yes
221,730274060,Glenine Alpe,galpe64@dmoz.org,0227 Pawling Place,934-797-4759,Base Plan,Yes,No
222,184273127,Germana Banasiak,gbanasiak65@accuweather.com,6 Sunnyside Avenue,625-705-5862,SIM-Only,No,No
223,546236928,Dominique Wingeatt,dwingeatt66@alibaba.com,159 Commercial Junction,790-562-5956,SIM-Only,No,Yes
224,338092305,Lonni Gurnee,lgurnee67@springer.com,6950 Maple Wood Pass,890-817-3588,SIM-Only,No,Yes
225,207095677,Rutger Tavinor,rtavinor68@guardian.co.uk,6956 Eagan Road,773-530-0601,Base Plan,Yes,No
226,379528919,Saul Leband,sleband69@eepurl.com,59 Eastlawn Park,534-328-8882,SIM-Only,No,No
227,711831090,Ardisj Gammidge,agammidge6a@webs.com,21722 Sherman Drive,401-634-0607,SIM-Only,Yes,No
228,533612633,Ginger Kinze,gkinze6b@archive.org,876 Raven Junction,684-869-2639,Base Plan,No,Yes
229,076749625,Donna Borgne,dborgne6c@shinystat.com,0894 Valley Edge Court,257-578-8929,SIM-Only,Yes,No
230,083016229,Benjie Scapelhorn,bscapelhorn6d@twitpic.com,9650 Declaration Crossing,734-172-7528,SIM-Only,No,No
231,869282544,Ginevra Gaffey,ggaffey6e@techcrunch.com,96871 Laurel Circle,532-567-5524,Base Plan,No,Yes
232,565284827,Myra Madge,mmadge6f@storify.com,89218 Fallview Center,519-460-5465,SIM-Only,No,Yes
233,271507282,Jessi Sarvar,jsarvar6g@ucla.edu,3102 Londonderry Junction,277-876-7254,SIM-Only,Yes,Yes
234,583349224,Killian Childrens,kchildrens6h@arstechnica.com,70146 Twin Pines Parkway,504-135-4965,Base Plan,Yes,Yes
235,611756808,Englebert Eldered,eeldered6i@cbsnews.com,62 Ronald Regan Drive,197-959-7798,Base Plan,No,Yes
236,094221383,Jody Grierson,jgrierson6j@hud.gov,98955 Tomscot Center,440-886-6632,Base Plan,No,No
237,890034145,Antoinette Yanukhin,ayanukhin6k@epa.gov,6465 Eastwood Alley,980-549-9864,SIM-Only,Yes,Yes
238,804139295,Bernard Covil,bcovil6l@guardian.co.uk,59449 Hanover Place,111-322-4387,Base Plan,No,No
239,376543659,Laurette Lonnon,llonnon6m@state.tx.us,52252 Shelley Hill,332-966-3039,Base Plan,Yes,No
240,862727663,Lizabeth Caird,lcaird6n@opensource.org,32539 Monterey Hill,867-907-7946,Base Plan,Yes,Yes
241,071614494,Gail Padley,gpadley6o@nymag.com,8 Washington Center,404-700-4166,Base Plan,Yes,No
242,247289443,Ian Bearfoot,ibearfoot6p@linkedin.com,4 7th Street,498-694-3786,SIM-Only,Yes,Yes
243,353329936,Rodney Jirka,rjirka6q@nsw.gov.au,3317 Larry Street,328-528-0104,Base Plan,No,No
244,637357618,Calida Roskrug,croskrug6r@bing.com,8937 Meadow Vale Terrace,353-838-6927,SIM-Only,No,Yes
245,126553370,Jill Wimms,jwimms6s@mediafire.com,11357 Drewry Place,243-935-1718,SIM-Only,No,No
246,158723523,Karin Wolfendell,kwolfendell6t@mail.ru,50981 Shopko Crossing,481-602-2678,SIM-Only,No,No
247,391571489,Jed Kinney,jkinney6u@webs.com,68429 Messerschmidt Junction,627-434-2036,Base Plan,No,No
248,708009277,Esmeralda MacMechan,emacmechan6v@drupal.org,2 Northview Drive,309-483-1726,Base Plan,No,Yes
249,494910011,Nels Lethieulier,nlethieulier6w@blogtalkradio.com,040 Meadow Ridge Junction,357-455-3788,Base Plan,No,Yes
250,829676637,Beverley Hewins,bhewins6x@domainmarket.com,823 Oak Valley Terrace,931-984-7123,Base Plan,No,Yes
251,536332816,Jaimie Demanche,jdemanche6y@slate.com,05160 Nobel Pass,224-945-0626,Base Plan,Yes,Yes
252,006135765,Arly Cockarill,acockarill6z@independent.co.uk,54848 Duke Lane,408-448-9983,SIM-Only,No,No
253,238491033,Berkeley Duckitt,bduckitt70@nhs.uk,804 Granby Junction,887-776-7165,Base Plan,Yes,Yes
254,387225304,Adelina McFie,amcfie71@senate.gov,93 Dorton Hill,523-649-3368,SIM-Only,No,Yes
255,268577942,Cornell Abrahams,cabrahams72@businessweek.com,7489 Fairfield Trail,656-787-0894,Base Plan,Yes,No
256,106818948,Hayley Henriquet,hhenriquet73@independent.co.uk,4 High Crossing Parkway,315-949-9829,Base Plan,Yes,Yes
257,843313138,Jordon Patek,jpatek74@digg.com,85247 Gulseth Lane,669-769-6690,SIM-Only,No,Yes
258,926979365,Graig Benge,gbenge75@youtu.be,1 Becker Circle,469-695-6083,SIM-Only,No,Yes
259,465896582,Burl Cunney,bcunney76@surveymonkey.com,13 Crest Line Junction,347-146-3989,Base Plan,Yes,Yes
260,272466660,Tatiana Pickersail,tpickersail77@ifeng.com,6 Mayfield Junction,200-628-2545,Base Plan,Yes,Yes
261,066016232,Kirbee Kirkland,kkirkland78@fc2.com,70700 Linden Drive,497-778-2740,SIM-Only,No,No
262,184712184,Annice Orring,aorring79@jigsy.com,8665 Hoepker Point,501-461-5028,Base Plan,No,Yes
263,728121493,Johny Coie,jcoie7a@technorati.com,197 Emmet Point,376-938-7088,Base Plan,No,Yes
264,261106767,Neils Rapinett,nrapinett7b@hugedomains.com,534 Blue Bill Park Street,747-521-2229,SIM-Only,No,No
265,970597142,Chelsy Losseljong,closseljong7c@mediafire.com,8987 Hanson Street,106-187-5943,SIM-Only,No,No
266,828492169,Bobette Midghall,bmidghall7d@wsj.com,6626 Carberry Parkway,629-383-1361,SIM-Only,Yes,No
267,769367171,Tilda Oats,toats7e@dot.gov,972 Farmco Terrace,185-476-4468,Base Plan,Yes,No
268,049894059,Ruthanne Ranson,rranson7f@archive.org,859 Annamark Road,809-674-1350,Base Plan,No,Yes
269,050035316,Stacey Edgeler,sedgeler7g@comsenz.com,1 Independence Avenue,949-521-9620,SIM-Only,No,Yes
270,103691430,Ingamar Durnin,idurnin7h@goo.gl,9615 Killdeer Way,982-298-6847,Base Plan,Yes,Yes
271,754126044,Sally Oulner,soulner7i@dmoz.org,18448 Granby Park,287-565-3139,Base Plan,No,No
272,037182627,Sonny Forten,sforten7j@earthlink.net,865 Cherokee Point,673-885-3440,SIM-Only,No,No
273,339921748,Miguel Blues,mblues7k@apple.com,2685 Norway Maple Way,555-538-2086,Base Plan,Yes,Yes
274,242422125,Susanetta MacCague,smaccague7l@google.com,35 Macpherson Junction,452-147-1514,Base Plan,No,No
275,396983132,Tracie Cutler,tcutler7m@gnu.org,0 South Plaza,616-422-7863,Base Plan,Yes,No
276,129768310,Tressa Mullarkey,tmullarkey7n@gmpg.org,6 Lakeland Circle,734-274-7645,SIM-Only,No,No
277,537620491,Emmet Mangion,emangion7o@mysql.com,96 Dottie Park,327-257-9086,Base Plan,No,Yes
278,951296396,Arturo MacCrossan,amaccrossan7p@com.com,2676 Stephen Pass,933-954-0029,SIM-Only,No,No
279,638612725,Madella Dary,mdary7q@sphinn.com,479 Swallow Court,817-973-7543,Base Plan,No,Yes
280,596646922,Sargent Espinoy,sespinoy7r@g.co,029 Pearson Pass,764-406-3793,SIM-Only,Yes,No
281,762224289,Bernie Crickmoor,bcrickmoor7s@mlb.com,724 Cambridge Junction,782-768-8828,SIM-Only,Yes,No
282,711374827,Victoria Leynagh,vleynagh7t@jimdo.com,07 Mockingbird Pass,345-742-7052,Base Plan,Yes,No
283,791120220,Fernanda Kurton,fkurton7u@who.int,38 Haas Point,672-147-9843,Base Plan,No,Yes
284,689989421,Ardine Behagg,abehagg7v@auda.org.au,38 Ridge Oak Way,671-509-2584,Base Plan,Yes,Yes
285,500426073,Giana Blamey,gblamey7w@simplemachines.org,3496 Fairfield Parkway,242-276-6406,Base Plan,No,No
286,469747325,Bram Hansberry,bhansberry7x@abc.net.au,5 Columbus Way,632-651-4943,SIM-Only,No,No
287,932561741,Lorrie Wanell,lwanell7y@loc.gov,3979 Hoffman Junction,704-784-3865,Base Plan,No,Yes
288,053760284,Cullin Bonhomme,cbonhomme7z@state.tx.us,4 4th Way,517-584-3935,Base Plan,Yes,Yes
289,996950068,Guglielmo Orteaux,gorteaux80@spiegel.de,57 Westend Way,432-156-2369,Base Plan,No,Yes
290,278574171,Agnes Bowcock,abowcock81@ft.com,9 Sauthoff Parkway,755-778-0065,SIM-Only,No,Yes
291,700213214,Margalo Aubrey,maubrey82@digg.com,37 Acker Way,609-126-1390,SIM-Only,No,Yes
292,991320828,Rebecka Smellie,rsmellie83@sbwire.com,8 Muir Parkway,402-283-1169,Base Plan,Yes,Yes
293,372555601,Gino Le Lievre,gle84@xing.com,7241 Springview Terrace,798-522-2830,Base Plan,Yes,No
294,201551610,Silvano Normavell,snormavell85@dell.com,89 Old Shore Pass,789-214-9439,SIM-Only,No,Yes
295,190694764,Cleon Dobbison,cdobbison86@w3.org,21 North Drive,429-840-5302,SIM-Only,No,No
296,307238399,Gaile Morrice,gmorrice87@huffingtonpost.com,1 Shoshone Way,146-728-8762,Base Plan,Yes,No
297,869758525,Melli Akers,makers88@vkontakte.ru,36 Chive Road,208-592-5361,SIM-Only,No,No
298,505984177,Joelie De Giovanni,jde89@squarespace.com,460 Cherokee Hill,246-621-4808,Base Plan,No,Yes
299,559658903,Bendicty Cadell,bcadell8a@time.com,4 Chive Crossing,677-192-3178,Base Plan,Yes,No
300,004018229,Anica Oxford,aoxford8b@wp.com,89555 Barby Hill,823-419-5721,Base Plan,Yes,Yes
301,917966201,Ceciley Kellard,ckellard8c@pcworld.com,20 Blaine Center,201-749-6034,Base Plan,No,No
302,737353061,Joy Maffioletti,jmaffioletti8d@shareasale.com,8302 Vera Crossing,727-225-0595,Base Plan,No,Yes
303,638342354,Pryce Lockless,plockless8e@chronoengine.com,5 Pearson Plaza,633-637-2394,Base Plan,No,No
304,316335609,Bria Tamblyn,btamblyn8f@rambler.ru,6 Norway Maple Pass,715-865-2781,Base Plan,No,Yes
305,438462435,Karla Barker,kbarker8g@fema.gov,80696 Kenwood Court,948-232-1200,Base Plan,No,No
306,504253122,Rosina Heselwood,rheselwood8h@homestead.com,14939 Westerfield Junction,646-301-1778,Base Plan,No,Yes
307,632744761,Carree Upshall,cupshall8i@unicef.org,755 Dennis Trail,825-224-8097,Base Plan,No,No
308,288197843,Jeromy Topham,jtopham8j@plala.or.jp,509 Novick Place,497-521-7234,Base Plan,No,No
309,526582602,Averyl Arguile,aarguile8k@rakuten.co.jp,971 Butternut Terrace,244-811-6247,SIM-Only,Yes,No
310,576095570,Lloyd Grooby,lgrooby8l@technorati.com,7 Cardinal Hill,671-734-9347,Base Plan,No,Yes
311,455213670,Esma Pancoast,epancoast8m@tripod.com,2 Norway Maple Road,920-159-7774,Base Plan,Yes,Yes
312,629754292,Talbot Chaudhry,tchaudhry8n@de.vu,64948 Jana Alley,964-451-8163,Base Plan,Yes,No
313,325425770,Patrizio Antoniutti,pantoniutti8o@dot.gov,013 Bowman Plaza,504-182-1602,SIM-Only,No,Yes
314,947485101,Lisette Banford,lbanford8p@harvard.edu,31 Pierstorff Drive,831-489-7086,SIM-Only,Yes,No
315,794001619,Cleveland Stracey,cstracey8q@photobucket.com,5390 Di Loreto Plaza,993-602-2224,Base Plan,Yes,Yes
316,021564509,Davita Harback,dharback8r@umich.edu,0909 Village Green Court,609-187-2135,Base Plan,No,Yes
317,412130512,Randal Gavini,rgavini8s@php.net,6497 Forest Dale Avenue,766-192-5265,Base Plan,Yes,Yes
318,636103135,Alford Bucknill,abucknill8t@craigslist.org,6 Del Sol Road,985-125-7807,SIM-Only,Yes,No
319,013909785,Goddart McCrackan,gmccrackan8u@cnbc.com,7448 Shopko Junction,674-758-6200,SIM-Only,Yes,No
320,346690738,Alric Prydie,aprydie8v@livejournal.com,324 Shoshone Crossing,510-638-4478,SIM-Only,No,No
321,266642702,Claresta Martyns,cmartyns8w@uol.com.br,59 Fuller Center,593-926-9299,SIM-Only,No,Yes
322,521964363,Lamar Spatoni,lspatoni8x@prnewswire.com,20 Brickson Park Park,912-526-7830,Base Plan,Yes,Yes
323,824166273,Cinnamon Dohmann,cdohmann8y@mozilla.org,5 Rieder Point,566-887-0653,Base Plan,Yes,No
324,819757280,Carla Monery,cmonery8z@seattletimes.com,955 Anthes Road,845-501-9652,SIM-Only,No,No
325,121627019,Abby Grandin,agrandin90@npr.org,07277 Stephen Parkway,140-659-0893,Base Plan,Yes,No
326,791246183,Carline Bertomier,cbertomier91@amazon.co.uk,982 Clove Plaza,277-664-1839,Base Plan,No,No
327,931163562,Randal Romaines,rromaines92@ucsd.edu,2812 Prairie Rose Park,112-427-5153,Base Plan,Yes,No
328,652880957,Willyt Mapam,wmapam93@jugem.jp,81 Lindbergh Avenue,325-307-7604,SIM-Only,Yes,Yes
329,664194728,Norman Sissons,nsissons94@xrea.com,59120 Lotheville Pass,729-426-5221,SIM-Only,No,Yes
330,639731222,Orly Croydon,ocroydon95@dedecms.com,8811 Fairfield Park,951-757-9247,Base Plan,No,No
331,525024596,Zsa zsa Shackel,zzsa96@businessweek.com,38 Hagan Pass,689-503-7616,Base Plan,No,Yes
332,642416800,Wynny Biswell,wbiswell97@elpais.com,16 Crest Line Crossing,322-613-1670,SIM-Only,No,Yes
333,017594487,Lorraine McGruar,lmcgruar98@people.com.cn,43 2nd Street,576-161-5146,Base Plan,No,Yes
334,449931469,Alfi Burrells,aburrells99@ifeng.com,98020 Roth Way,919-661-4575,SIM-Only,No,Yes
335,590911660,Winnifred Fronzek,wfronzek9a@ca.gov,919 Thierer Plaza,233-473-1415,Base Plan,Yes,No
336,633352720,Inger Knappe,iknappe9b@sciencedirect.com,7 Eagle Crest Terrace,934-398-2448,Base Plan,No,No
337,740367107,Moria Olech,molech9c@de.vu,39054 Lindbergh Parkway,284-237-0681,SIM-Only,No,No
338,487499599,Broddy Seaborne,bseaborne9d@livejournal.com,75 Fremont Pass,379-976-8808,SIM-Only,No,Yes
339,352357394,Jacinthe Burberry,jburberry9e@howstuffworks.com,644 Leroy Avenue,562-236-9255,SIM-Only,Yes,Yes
340,733332646,Ambur Langabeer,alangabeer9f@oracle.com,2111 1st Place,206-619-9060,SIM-Only,No,Yes
341,890131583,Mic Gauch,mgauch9g@acquirethisname.com,55 Fisk Plaza,115-723-7285,SIM-Only,No,No
342,955035956,Jonathan Goldsbury,jgoldsbury9h@usnews.com,36 Elgar Hill,690-642-8775,SIM-Only,No,Yes
343,145527846,Carolyne Ryle,cryle9i@fda.gov,497 Grim Pass,547-856-8715,SIM-Only,No,Yes
344,978727253,Clyde Worsnop,cworsnop9j@army.mil,387 Artisan Court,316-398-3212,Base Plan,Yes,Yes
345,249254532,Marys O'Kuddyhy,mokuddyhy9k@1688.com,3 Sugar Street,558-354-3912,Base Plan,No,No
346,710521149,Marve Juster,mjuster9l@woothemes.com,212 Burrows Court,667-114-1248,Base Plan,Yes,No
347,065638285,Timi Corain,tcorain9m@1688.com,4 Tennyson Road,292-951-5258,SIM-Only,Yes,No
348,295188477,Charin Loins,cloins9n@twitter.com,7082 Holmberg Parkway,554-795-6108,SIM-Only,No,No
349,067978660,Hardy Virgo,hvirgo9o@tiny.cc,85433 Dovetail Way,971-688-6114,Base Plan,Yes,Yes
350,863643757,Lyn Kiebes,lkiebes9p@parallels.com,8497 Quincy Street,520-443-7090,Base Plan,Yes,No
351,081176705,Stepha Garretson,sgarretson9q@army.mil,7690 Brentwood Point,211-485-0667,Base Plan,No,No
352,971782995,Conchita Rizzolo,crizzolo9r@foxnews.com,6375 Russell Crossing,491-830-8591,SIM-Only,No,Yes
353,596154923,Genni Elcom,gelcom9s@home.pl,58 Dennis Hill,260-273-5111,Base Plan,Yes,Yes
354,113406722,Cedric Civitillo,ccivitillo9t@csmonitor.com,81 Summerview Way,324-325-9233,SIM-Only,Yes,Yes
355,706535381,Nickie Rawll,nrawll9u@w3.org,78 Northport Place,708-151-0830,Base Plan,Yes,No
356,999630767,Rubia Potebury,rpotebury9v@sciencedirect.com,09451 Lillian Point,344-331-0335,Base Plan,Yes,No
357,075498471,Yolande Dodridge,ydodridge9w@devhub.com,4478 Kipling Parkway,277-298-0464,SIM-Only,Yes,Yes
358,739741610,Timmie Fosse,tfosse9x@tinyurl.com,2 Novick Terrace,395-381-4551,Base Plan,Yes,Yes
359,237978014,Ingar Allabarton,iallabarton9y@prlog.org,33 Clemons Pass,788-363-6616,Base Plan,No,Yes
360,445157527,Rosetta Whinney,rwhinney9z@infoseek.co.jp,57660 Dapin Trail,110-461-2864,SIM-Only,No,Yes
361,479485725,Lindsay Vallintine,lvallintinea0@globo.com,13 Manufacturers Point,989-963-5650,Base Plan,Yes,Yes
362,833548168,Marty Goodliff,mgoodliffa1@zimbio.com,52 Milwaukee Lane,925-528-2285,SIM-Only,Yes,Yes
363,811383603,Ingram Maystone,imaystonea2@vistaprint.com,1 Manley Hill,641-366-6806,Base Plan,Yes,Yes
364,782296536,Philis Micklewright,pmicklewrighta3@msu.edu,90 Pond Trail,351-345-3963,SIM-Only,No,No
365,910235171,Carroll Gammel,cgammela4@istockphoto.com,7077 Mariners Cove Street,376-559-5376,Base Plan,No,Yes
366,163009275,Josh Harbert,jharberta5@skype.com,1 Rowland Court,413-238-7780,Base Plan,Yes,Yes
367,594822564,Christoforo Demougeot,cdemougeota6@storify.com,71118 Tony Junction,193-868-6129,Base Plan,No,No
368,067112402,Guenna Etty,gettya7@quantcast.com,1623 Norway Maple Plaza,870-933-5539,SIM-Only,Yes,Yes
369,437429867,Chan Devinn,cdevinna8@joomla.org,0067 Lukken Street,682-356-1239,SIM-Only,No,Yes
370,200888941,Gilberta Skittle,gskittlea9@opera.com,458 Warbler Plaza,287-161-3577,SIM-Only,Yes,Yes
371,536034854,Ardyth Beeden,abeedenaa@statcounter.com,85657 Hooker Plaza,723-328-6199,Base Plan,No,Yes
372,693615921,Christiana Benois,cbenoisab@comsenz.com,7376 Lyons Court,561-294-5802,SIM-Only,Yes,No
373,651214914,Nowell Inger,ningerac@go.com,054 Grayhawk Parkway,850-982-3093,Base Plan,Yes,Yes
374,617920180,Lorene Kienl,lkienlad@tinypic.com,6 Glendale Court,133-543-9557,Base Plan,Yes,No
375,961866027,Regina Morby,rmorbyae@stumbleupon.com,4589 Northfield Road,147-447-5048,SIM-Only,No,No
376,375007713,Coretta Venn,cvennaf@squidoo.com,869 Bayside Court,435-333-6041,Base Plan,No,No
377,483898793,Bing Bugdall,bbugdallag@netvibes.com,33067 Superior Road,131-512-9353,Base Plan,No,Yes
378,758292350,Cory Routham,crouthamah@fda.gov,82 Sutherland Court,941-550-0887,SIM-Only,No,Yes
379,837988905,Jenine Shewan,jshewanai@a8.net,132 Swallow Terrace,175-544-1300,SIM-Only,No,No
380,033743958,Jandy Peever,jpeeveraj@feedburner.com,2 Shasta Point,980-853-8749,Base Plan,No,No
381,273112826,Carree Gainsbury,cgainsburyak@bbb.org,23716 Division Street,642-157-5432,Base Plan,Yes,Yes
382,523445861,Maximilianus Boulde,mbouldeal@soup.io,7484 Sunfield Place,486-490-0436,Base Plan,Yes,Yes
383,212981968,Salvidor Custance,scustanceam@yellowpages.com,50141 Florence Crossing,613-210-6239,SIM-Only,No,Yes
384,851867154,Allayne Aymerich,aaymerichan@comcast.net,3 Vernon Park,993-760-2525,SIM-Only,No,No
385,772638874,Frannie Napoli,fnapoliao@netvibes.com,11591 4th Crossing,778-745-2849,SIM-Only,Yes,No
386,018581667,Ina Stallworthy,istallworthyap@hatena.ne.jp,04447 Hansons Lane,663-839-3380,SIM-Only,No,Yes
387,468457745,Theresa Gurys,tgurysaq@elegantthemes.com,61115 Kropf Hill,187-220-5140,SIM-Only,No,No
388,177905616,Darcy Bernocchi,dbernocchiar@howstuffworks.com,8509 Northfield Point,704-714-8696,SIM-Only,Yes,No
389,101037013,Raf Craggs,rcraggsas@slideshare.net,7 Forster Trail,537-597-6613,SIM-Only,Yes,Yes
390,062653376,Cristi Writer,cwriterat@bigcartel.com,29 Rigney Plaza,828-771-6604,Base Plan,Yes,Yes
391,579556607,Marcile Liptrot,mliptrotau@cpanel.net,09 Pepper Wood Place,932-915-0655,Base Plan,No,No
392,458765508,Cynthy Loveredge,cloveredgeav@washington.edu,475 Norway Maple Pass,210-805-8882,SIM-Only,No,No
393,695870902,Ulrick Clurow,uclurowaw@chicagotribune.com,315 7th Terrace,859-995-9751,Base Plan,Yes,No
394,884734360,Mandi Cousin,mcousinax@seattletimes.com,95615 Myrtle Place,614-742-2482,SIM-Only,No,Yes
395,989825699,Petronille Machent,pmachentay@hostgator.com,5186 Golden Leaf Plaza,680-198-3739,Base Plan,No,Yes
396,822389209,Cross Baker,cbakeraz@issuu.com,0 Fisk Avenue,869-644-8354,SIM-Only,No,Yes
397,587154546,Bibbie Carbin,bcarbinb0@topsy.com,319 Scofield Drive,478-908-4325,SIM-Only,Yes,Yes
398,752629415,Lea Oldaker,loldakerb1@time.com,93234 Dakota Lane,984-846-4690,SIM-Only,No,Yes
399,763111593,Bucky Gennrich,bgennrichb2@walmart.com,1 Anhalt Way,717-538-0147,Base Plan,No,No
400,037264288,Liva Cords,lcordsb3@baidu.com,3 Starling Court,433-668-3505,SIM-Only,No,No
401,486587973,Barrie Novotna,bnovotnab4@linkedin.com,877 Melrose Pass,766-434-2553,SIM-Only,No,No
402,697170422,Dyan Collibear,dcollibearb5@marketwatch.com,24 Meadow Valley Junction,789-288-3211,Base Plan,Yes,No
403,626157442,Edlin Chastan,echastanb6@feedburner.com,0595 Westport Hill,822-191-7323,SIM-Only,No,Yes
404,938960089,Sonny Simkovitz,ssimkovitzb7@nasa.gov,6 Becker Drive,174-849-8505,Base Plan,Yes,Yes
405,775996131,Worthy Lockery,wlockeryb8@dailymail.co.uk,08573 Rowland Circle,461-884-5199,SIM-Only,Yes,Yes
406,028841120,Louie Sarsfield,lsarsfieldb9@epa.gov,7564 Northport Road,495-914-3329,SIM-Only,Yes,No
407,171588963,Lucias Choat,lchoatba@vimeo.com,820 Caliangt Crossing,880-909-2785,SIM-Only,No,Yes
408,691057438,Pearce MacLaig,pmaclaigbb@wiley.com,296 Butterfield Park,954-843-1712,SIM-Only,Yes,Yes
409,358797018,Betteanne Jouanet,bjouanetbc@furl.net,71888 North Plaza,126-302-8572,SIM-Only,No,No
410,970727915,Tabbie Chaston,tchastonbd@goo.ne.jp,36 Cottonwood Street,227-552-1021,SIM-Only,No,Yes
411,664490181,Franky Gillian,fgillianbe@gravatar.com,1 Westport Street,665-360-4482,Base Plan,No,No
412,894352491,Hernando Crossman,hcrossmanbf@newyorker.com,0 La Follette Parkway,565-703-2812,Base Plan,Yes,No
413,337347283,Sax Grise,sgrisebg@squidoo.com,82993 Kim Hill,971-983-4968,Base Plan,No,No
414,301528607,Lea Jacobowicz,ljacobowiczbh@joomla.org,7972 Hagan Pass,237-852-7576,Base Plan,Yes,Yes
415,647124876,Bill Jacson,bjacsonbi@slideshare.net,448 Redwing Way,704-928-5711,SIM-Only,No,Yes
416,446354776,Dosi Brachell,dbrachellbj@tinyurl.com,68 Packers Place,669-559-9075,SIM-Only,Yes,Yes
417,824760674,Sarita Levison,slevisonbk@de.vu,87 Hazelcrest Point,540-824-2153,SIM-Only,Yes,No
418,655846048,Jasun Terzo,jterzobl@cafepress.com,819 Huxley Avenue,383-758-0063,SIM-Only,Yes,Yes
419,227324066,Taylor Loffel,tloffelbm@clickbank.net,27013 Pierstorff Alley,120-916-1345,Base Plan,No,Yes
420,510199634,Albie Farleigh,afarleighbn@hao123.com,40100 Anzinger Circle,168-818-5458,SIM-Only,No,No
421,540504346,Sarge Mabbe,smabbebo@house.gov,7 Cherokee Way,930-911-2263,SIM-Only,No,Yes
422,868877342,Wyn Dunkersley,wdunkersleybp@hp.com,20339 Miller Terrace,270-779-2573,SIM-Only,No,Yes
423,952315449,Corissa Diver,cdiverbq@pen.io,176 Corben Junction,447-786-8978,Base Plan,Yes,No
424,725436780,Teddi Goodhew,tgoodhewbr@edublogs.org,66 Blue Bill Park Hill,952-454-8520,SIM-Only,No,Yes
425,906958313,Grover Malsher,gmalsherbs@bloomberg.com,8079 Ryan Park,205-710-2606,SIM-Only,Yes,Yes
426,572788281,Jasper Woodcraft,jwoodcraftbt@plala.or.jp,8580 Onsgard Court,430-840-8863,SIM-Only,No,No
427,289177237,Jarib Egginton,jeggintonbu@elegantthemes.com,336 Nancy Way,235-881-8050,SIM-Only,No,No
428,067373088,Murray Cisland,mcislandbv@aol.com,0515 North Place,185-987-6429,SIM-Only,Yes,Yes
429,160156136,Zachariah MacNulty,zmacnultybw@simplemachines.org,7 Del Sol Hill,528-767-0664,SIM-Only,No,Yes
430,564568740,Corilla Angrock,cangrockbx@google.pl,5291 Division Trail,790-433-1800,SIM-Only,Yes,No
431,197504230,Othella Arrigucci,oarrigucciby@shinystat.com,48 Moulton Parkway,769-886-7172,SIM-Only,No,No
432,997483575,Elberta Fownes,efownesbz@free.fr,118 Calypso Road,510-761-8932,Base Plan,Yes,Yes
433,585278377,Worth Bullivent,wbulliventc0@theglobeandmail.com,5 3rd Hill,715-437-8897,Base Plan,Yes,No
434,165867093,Frazer Garces,fgarcesc1@nps.gov,268 Reindahl Pass,223-931-4065,Base Plan,No,Yes
435,344346987,Konstantine Utting,kuttingc2@tumblr.com,1936 Hudson Street,635-782-1387,Base Plan,No,No
436,986349616,Kassia Theunissen,ktheunissenc3@i2i.jp,60 Acker Terrace,671-904-9098,SIM-Only,Yes,No
437,577194777,Gracia Skaife d'Ingerthorpe,gskaifec4@topsy.com,6 Loftsgordon Point,976-974-5567,SIM-Only,No,Yes
438,512862891,Izzy Gosson,igossonc5@cnet.com,81 Old Shore Street,938-442-7048,Base Plan,Yes,Yes
439,626468619,Lisha Mish,lmishc6@1und1.de,5 Elka Circle,881-485-7886,SIM-Only,No,Yes
440,753488444,Cart Colrein,ccolreinc7@delicious.com,8 Butternut Terrace,701-622-1633,SIM-Only,No,Yes
441,452104300,Maureene Marushak,mmarushakc8@mysql.com,5151 Lotheville Street,286-481-1930,SIM-Only,Yes,Yes
442,070596341,Galen Skace,gskacec9@si.edu,9746 Badeau Drive,688-150-6787,SIM-Only,Yes,No
443,526320748,Hanan Fidge,hfidgeca@flavors.me,767 American Place,842-349-2220,Base Plan,No,Yes
444,197937484,Em McGucken,emcguckencb@cpanel.net,8 Oak Valley Hill,596-800-0626,Base Plan,Yes,No
445,637280389,Nertie Lightollers,nlightollerscc@adobe.com,2277 Maryland Trail,782-834-8708,SIM-Only,No,Yes
446,888652219,Abran Barkus,abarkuscd@vistaprint.com,5 Burrows Alley,634-643-4231,SIM-Only,No,Yes
447,937701482,De witt Heningam,dwittce@deliciousdays.com,00 Lillian Junction,996-994-3329,SIM-Only,Yes,Yes
448,593705488,Miguelita Keijser,mkeijsercf@yahoo.co.jp,83399 Esker Plaza,321-662-1601,SIM-Only,No,No
449,114525124,Ulick Worsell,uworsellcg@illinois.edu,0325 Hayes Point,836-276-7483,SIM-Only,Yes,No
450,817206043,Silvana de Keep,sdech@cbc.ca,74568 Wayridge Center,141-320-2239,SIM-Only,Yes,No
451,464052902,Mozelle Morford,mmorfordci@lulu.com,1 Duke Court,439-682-7577,SIM-Only,No,No
452,789574679,Yardley Ahern,yaherncj@networksolutions.com,19971 Pleasure Drive,332-168-7447,SIM-Only,No,No
453,128130986,Helga Ratray,hratrayck@unesco.org,006 Sunnyside Trail,425-411-6984,Base Plan,No,No
454,784901114,Raffarty Camilletti,rcamilletticl@w3.org,35 Anhalt Pass,555-505-9244,Base Plan,Yes,No
455,871501604,Fielding Marflitt,fmarflittcm@ehow.com,6 Eggendart Place,481-823-2192,SIM-Only,No,Yes
456,243387938,Maia Brach,mbrachcn@newsvine.com,09 Messerschmidt Parkway,491-111-9074,Base Plan,Yes,No
457,899209318,Stearn Teall,steallco@ihg.com,857 Stone Corner Court,124-353-9350,SIM-Only,No,No
458,768015161,Alberik Zettler,azettlercp@pinterest.com,826 Walton Plaza,695-384-7592,SIM-Only,No,Yes
459,055944654,Ase Maris,amariscq@va.gov,45102 Florence Hill,597-921-7057,SIM-Only,Yes,No
460,662203158,Chandler Malloy,cmalloycr@google.com,90 Hudson Junction,426-937-9754,SIM-Only,No,No
461,757771743,Jolene Curner,jcurnercs@xrea.com,671 Roxbury Avenue,952-122-5576,Base Plan,No,Yes
462,394067663,Ileana Gauthorpp,igauthorppct@europa.eu,02727 Derek Plaza,361-636-3339,SIM-Only,Yes,Yes
463,140351980,Merilyn Taillant,mtaillantcu@deviantart.com,81 Meadow Valley Street,793-571-8616,SIM-Only,Yes,Yes
464,934479456,Dimitry McCritichie,dmccritichiecv@facebook.com,85765 Sage Parkway,885-542-7266,Base Plan,Yes,Yes
465,359763170,Eddie Proudley,eproudleycw@linkedin.com,405 Dahle Junction,671-246-4491,SIM-Only,No,No
466,212890295,Immanuel Prior,ipriorcx@histats.com,7 Bobwhite Way,532-339-1117,SIM-Only,No,No
467,830822089,Sandor Moyce,smoycecy@opera.com,3209 Hoffman Plaza,808-117-1164,SIM-Only,Yes,No
468,415890710,Jinny Boucher,jbouchercz@scribd.com,6693 Riverside Trail,248-551-1545,SIM-Only,No,Yes
469,473317179,Aldrich McClory,amccloryd0@yelp.com,13010 Judy Drive,681-879-3867,SIM-Only,Yes,Yes
470,852880706,Joella Embra,jembrad1@craigslist.org,1 Reindahl Circle,896-424-0928,Base Plan,Yes,Yes
471,597429325,Elianore Saxby,esaxbyd2@infoseek.co.jp,29 Shasta Court,238-975-6795,Base Plan,No,No
472,433639251,Gilburt Aubury,gauburyd3@chicagotribune.com,682 Pearson Road,754-916-2755,Base Plan,Yes,No
473,043327864,Ian Haselgrove,ihaselgroved4@eventbrite.com,2 Red Cloud Place,716-734-0124,Base Plan,Yes,Yes
474,182315329,Katharina Caush,kcaushd5@mediafire.com,67 Springs Drive,927-480-5320,SIM-Only,Yes,No
475,941988428,Vanni Dory,vdoryd6@ask.com,756 Cottonwood Place,511-286-1737,SIM-Only,Yes,Yes
476,773651358,Dianemarie Redon,dredond7@forbes.com,1 Waxwing Lane,223-708-5610,SIM-Only,No,Yes
477,478641292,Mead Brocklehurst,mbrocklehurstd8@facebook.com,901 Jana Alley,454-143-5959,SIM-Only,No,Yes
478,439316281,Fae Stopford,fstopfordd9@fc2.com,54628 Starling Parkway,174-508-7920,Base Plan,Yes,No
479,944736083,Lezley Cray,lcrayda@github.io,881 Bonner Way,642-148-8981,Base Plan,No,Yes
480,470503164,Eleonore Lethabridge,elethabridgedb@blogs.com,4 Gulseth Alley,951-832-7966,SIM-Only,No,Yes
481,087464928,Jennine Midson,jmidsondc@pcworld.com,46407 Stone Corner Pass,955-812-4335,SIM-Only,Yes,No
482,466647612,Kizzee Sapp,ksappdd@dyndns.org,09 Maple Wood Crossing,646-448-2531,Base Plan,No,No
483,404280343,Tabb Popley,tpopleyde@chronoengine.com,4028 Londonderry Avenue,845-611-8230,SIM-Only,Yes,No
484,443718178,Angy Thomasset,athomassetdf@cyberchimps.com,644 Duke Street,935-745-0990,SIM-Only,No,Yes
485,831223169,Erskine Hukin,ehukindg@stanford.edu,947 Glendale Pass,170-475-9255,SIM-Only,No,Yes
486,192692928,Adelaida Gayne,agaynedh@alexa.com,27 Mallory Plaza,190-133-4584,SIM-Only,No,Yes
487,374267105,Cosmo Storah,cstorahdi@canalblog.com,26 Dunning Junction,801-794-7284,Base Plan,Yes,Yes
488,555699223,Sly Noriega,snoriegadj@howstuffworks.com,894 Little Fleur Trail,433-374-0024,SIM-Only,Yes,Yes
489,603020890,Beryl Hegerty,bhegertydk@ft.com,306 Roth Place,806-240-0269,SIM-Only,Yes,Yes
490,340810983,Amanda Cussons,acussonsdl@marriott.com,279 Jenifer Point,893-120-6771,Base Plan,No,No
491,011035642,Ronny Melladew,rmelladewdm@lulu.com,8435 Columbus Road,785-142-3314,SIM-Only,Yes,No
492,346018743,Ringo Sussams,rsussamsdn@springer.com,5 Fieldstone Trail,181-859-8191,SIM-Only,Yes,Yes
493,682415837,Krispin Crome,kcromedo@freewebs.com,94 7th Park,575-683-4504,Base Plan,Yes,No
494,139385207,Corina Jeannenet,cjeannenetdp@dailymotion.com,614 Havey Junction,323-599-2500,Base Plan,No,Yes
495,740924552,Meggi Deehan,mdeehandq@mozilla.com,04 Norway Maple Street,400-856-6277,SIM-Only,No,No
496,801342966,Lowe Grumell,lgrumelldr@spotify.com,8 Michigan Crossing,129-726-5468,SIM-Only,Yes,No
497,255368136,Kassi Povey,kpoveyds@spotify.com,630 2nd Street,871-171-9733,SIM-Only,Yes,Yes
498,431568115,Floyd Bere,fberedt@phpbb.com,43 Bay Plaza,516-579-0008,SIM-Only,Yes,Yes
499,266244845,Chet Hise,chisedu@nasa.gov,21 Porter Parkway,450-730-2219,Base Plan,No,Yes
500,415163635,Katalin Stollwerk,kstollwerkdv@disqus.com,78123 Moulton Court,678-585-8170,SIM-Only,Yes,Yes
501,563229214,Kip Lumbly,klumblydw@cmu.edu,90 Atwood Street,574-920-7457,Base Plan,No,Yes
502,758772798,Luce Loynes,lloynesdx@51.la,86 Portage Trail,908-307-1912,SIM-Only,No,Yes
503,246337348,Elvera Grunwald,egrunwalddy@china.com.cn,6 Victoria Place,342-728-3220,Base Plan,No,Yes
504,099933183,Gale Judkin,gjudkindz@abc.net.au,05593 Magdeline Court,867-581-9636,Base Plan,Yes,Yes
505,818771912,Perceval Moreinu,pmoreinue0@tamu.edu,635 Carberry Avenue,818-695-1945,Base Plan,Yes,No
506,350489109,Babs Pinxton,bpinxtone1@newsvine.com,69 Autumn Leaf Junction,453-314-5520,Base Plan,No,Yes
507,933582159,Shannan McClaughlin,smcclaughline2@utexas.edu,87278 Fuller Circle,207-923-1701,Base Plan,Yes,Yes
508,301414990,Jodie Plastow,jplastowe3@jalbum.net,7697 Nobel Alley,623-853-6987,SIM-Only,No,Yes
509,668183797,Rickard Melson,rmelsone4@soup.io,6 Bartillon Drive,459-258-7652,SIM-Only,No,No
510,574271772,Britney Domel,bdomele5@ifeng.com,22 Lighthouse Bay Alley,606-786-8388,SIM-Only,Yes,Yes
511,454761084,Keen Durran,kdurrane6@discovery.com,88 Prairie Rose Terrace,706-144-7483,Base Plan,Yes,Yes
512,054593899,Frasco Antoniat,fantoniate7@princeton.edu,928 Sachtjen Junction,468-557-5658,Base Plan,Yes,No
513,949922734,Carlee Seleway,cselewaye8@hatena.ne.jp,33639 Sundown Circle,126-998-8183,SIM-Only,Yes,Yes
514,260919984,Garrik Ferrieres,gferrierese9@google.com.hk,1669 Melrose Trail,871-727-1865,Base Plan,No,No
515,984865601,Aggy Bodleigh,abodleighea@networkadvertising.org,441 Moland Lane,399-416-9260,Base Plan,Yes,Yes
516,743721838,Boigie Roast,broasteb@google.fr,712 Heath Trail,113-961-3845,SIM-Only,No,Yes
517,616265010,Reinaldos Bambrough,rbambroughec@cocolog-nifty.com,3 Leroy Alley,167-241-8136,SIM-Only,Yes,Yes
518,237121195,Reilly Greneham,rgrenehamed@google.cn,83539 Westridge Way,611-700-5640,Base Plan,Yes,No
519,271249011,Ilse Corson,icorsonee@sciencedaily.com,0696 Eggendart Terrace,953-990-1062,SIM-Only,No,Yes
520,190521149,Antonella Trowle,atrowleef@i2i.jp,8606 Cardinal Trail,792-636-0758,Base Plan,No,Yes
521,001179217,Mellicent Boulde,mbouldeeg@bloglines.com,24460 Autumn Leaf Street,809-968-3161,SIM-Only,Yes,Yes
522,645900809,Willetta Toombs,wtoombseh@shinystat.com,1467 Warner Road,448-403-6524,Base Plan,Yes,Yes
523,471159848,Arlie Kolakovic,akolakovicei@skype.com,567 Porter Center,636-954-6894,Base Plan,Yes,Yes
524,373913794,Kerby Yoell,kyoellej@shop-pro.jp,76 Maywood Crossing,425-754-6460,SIM-Only,No,Yes
525,909268013,Agathe Bramich,abramichek@nytimes.com,99331 Clyde Gallagher Trail,195-161-0677,Base Plan,Yes,No
526,741854017,Aimil Bough,aboughel@techcrunch.com,2 Oak Street,491-376-8024,SIM-Only,No,Yes
527,516483881,Robers Herries,rherriesem@merriam-webster.com,6 Pepper Wood Junction,727-175-6918,Base Plan,No,Yes
528,758604850,Giacomo Markie,gmarkieen@un.org,07189 Weeping Birch Alley,548-429-2512,Base Plan,No,Yes
529,173919656,Rockey Creaser,rcreasereo@t.co,7968 Jay Way,470-747-7744,Base Plan,Yes,Yes
530,095694480,Fin Loggie,floggieep@dion.ne.jp,24494 Bellgrove Terrace,215-653-0127,SIM-Only,No,Yes
531,439255116,Hollyanne Kubasek,hkubasekeq@businesswire.com,38980 Brentwood Point,974-996-8601,SIM-Only,Yes,Yes
532,609004170,Holly Kear,hkearer@miitbeian.gov.cn,1568 Lien Road,849-819-7230,Base Plan,No,No
533,109879139,Ranice Doran,rdoranes@mysql.com,80 Di Loreto Center,808-948-8742,Base Plan,Yes,Yes
534,346466365,Jareb Cookney,jcookneyet@unc.edu,89313 Doe Crossing Park,695-189-5862,SIM-Only,Yes,Yes
535,115736825,Cecilio Dowzell,cdowzelleu@prweb.com,498 Magdeline Hill,799-399-1099,SIM-Only,No,No
536,207958324,Dari Pantecost,dpantecostev@mapquest.com,9 Hanson Circle,776-800-9670,Base Plan,No,Yes
537,006341143,Tobin Rupert,trupertew@intel.com,08 Milwaukee Center,305-996-8660,Base Plan,No,No
538,047561979,Elbert Kirvin,ekirvinex@sitemeter.com,4 Hintze Crossing,597-696-8916,SIM-Only,Yes,Yes
539,539643710,Ted Laffan,tlaffaney@purevolume.com,381 Northland Terrace,672-256-2512,Base Plan,No,Yes
540,877490241,Roderic Jeakins,rjeakinsez@youtu.be,57640 Donald Park,999-372-0482,SIM-Only,Yes,No
541,007152682,Pollyanna Dunseith,pdunseithf0@istockphoto.com,2481 Jackson Hill,667-507-9766,SIM-Only,No,No
542,840451551,Jocko Pattillo,jpattillof1@ameblo.jp,086 Corscot Crossing,953-860-4604,SIM-Only,No,No
543,010545046,Barr Elan,belanf2@dot.gov,080 Forster Avenue,767-940-8110,Base Plan,Yes,Yes
544,766379231,Avram Crick,acrickf3@nhs.uk,89 Shopko Crossing,151-336-8129,Base Plan,No,No
545,537996103,Guenna Wehden,gwehdenf4@infoseek.co.jp,5 Reinke Road,290-932-4382,Base Plan,Yes,Yes
546,116715351,Erwin De Cleyne,edef5@shutterfly.com,96 Iowa Parkway,660-883-4807,SIM-Only,No,No
547,808171143,Teena McKerley,tmckerleyf6@amazon.de,53 Spenser Alley,320-498-2549,Base Plan,No,Yes
548,064089895,Melly Hateley,mhateleyf7@omniture.com,1280 Vermont Terrace,867-917-5575,Base Plan,Yes,Yes
549,686307439,Adan Spiniello,aspiniellof8@answers.com,98 Everett Plaza,630-999-2690,Base Plan,No,Yes
550,395493070,Garv Kinnerk,gkinnerkf9@example.com,074 Northview Park,510-527-8409,SIM-Only,No,Yes
551,011246807,Hansiain Lambeth,hlambethfa@storify.com,73 Saint Paul Pass,635-325-6858,Base Plan,No,Yes
552,652950571,Marsha Perot,mperotfb@google.co.uk,1 Truax Park,436-172-8632,SIM-Only,No,Yes
553,729038062,Bastien Lardeur,blardeurfc@ucoz.com,026 Saint Paul Crossing,284-656-6612,SIM-Only,Yes,Yes
554,171094092,Nell Duckwith,nduckwithfd@so-net.ne.jp,786 Eliot Junction,302-916-2692,Base Plan,No,No
555,229517877,Lexy Renak,lrenakfe@wp.com,7 Forest Dale Terrace,959-408-3032,Base Plan,No,Yes
556,274762669,Alwin Laneham,alanehamff@usa.gov,16 Mcguire Court,446-122-3637,Base Plan,No,Yes
557,904373482,Therine Rizzelli,trizzellifg@networksolutions.com,01 Mosinee Place,428-321-0984,Base Plan,No,No
558,375672983,Kimbell Fumagalli,kfumagallifh@google.com,25796 Comanche Terrace,645-880-2812,Base Plan,Yes,Yes
559,925298862,Shirlee Autry,sautryfi@webmd.com,5 Clove Avenue,512-738-9131,Base Plan,Yes,Yes
560,089867576,Pebrook Wigan,pwiganfj@cornell.edu,37114 Bartelt Way,812-431-5642,Base Plan,No,Yes
561,938499482,Allistir Di Biagi,adifk@ocn.ne.jp,696 Northland Point,951-309-8552,Base Plan,No,No
562,615511945,Gayler Sinnett,gsinnettfl@walmart.com,11 Fairfield Road,906-931-5804,Base Plan,Yes,No
563,806286928,Karol Jeppe,kjeppefm@blogs.com,761 East Center,480-144-4862,Base Plan,No,No
564,854274220,Wilona MacLaig,wmaclaigfn@myspace.com,72366 Eliot Plaza,423-774-1087,SIM-Only,No,No
565,794176614,Rayner Stanlike,rstanlikefo@behance.net,411 Nobel Way,923-457-5708,SIM-Only,No,Yes
566,923240802,Miguela Durram,mdurramfp@friendfeed.com,8625 Goodland Way,239-537-9158,SIM-Only,Yes,No
567,053019789,Stephana McPhail,smcphailfq@printfriendly.com,4583 Sachtjen Drive,631-607-4092,SIM-Only,No,Yes
568,202314477,Klarrisa Searjeant,ksearjeantfr@dyndns.org,9 Namekagon Drive,351-285-3754,SIM-Only,Yes,No
569,831636423,Douglass Bendell,dbendellfs@taobao.com,489 Roxbury Junction,981-309-0073,SIM-Only,Yes,Yes
570,750471712,Lynne Bertelmot,lbertelmotft@mapquest.com,860 Russell Parkway,165-781-6905,SIM-Only,Yes,No
571,468306016,Thorsten Fitzsymon,tfitzsymonfu@discovery.com,9977 Hanson Circle,203-143-9456,SIM-Only,Yes,Yes
572,535529669,Dur Rulton,drultonfv@g.co,9989 Heffernan Drive,804-757-6822,Base Plan,No,Yes
573,362407534,Hube Avrasin,havrasinfw@si.edu,35 Rusk Alley,843-712-1336,SIM-Only,No,Yes
574,752401436,Aaren O'Deegan,aodeeganfx@theatlantic.com,42 Luster Trail,449-299-1409,SIM-Only,No,Yes
575,083278760,Art Goodsir,agoodsirfy@mediafire.com,22 Larry Lane,696-261-4951,SIM-Only,Yes,Yes
576,351012582,Christean Montford,cmontfordfz@123-reg.co.uk,878 Lakewood Junction,287-803-1989,SIM-Only,No,Yes
577,480430318,Emmy Welham,ewelhamg0@fc2.com,821 Gerald Park,748-723-2511,Base Plan,Yes,No
578,356202508,Angelika Gell,agellg1@cbc.ca,02 Springs Circle,302-500-3301,SIM-Only,No,No
579,160474305,Gilligan Placidi,gplacidig2@pagesperso-orange.fr,73623 Farwell Court,144-948-7387,Base Plan,No,No
580,176663887,Nollie Jaslem,njaslemg3@comsenz.com,5 Weeping Birch Drive,682-942-1669,SIM-Only,No,Yes
581,178962417,Vivyanne Cobden,vcobdeng4@goo.gl,533 Merry Road,332-940-8589,Base Plan,Yes,No
582,750599085,Josefa d' Elboux,jdg5@dell.com,21931 Trailsway Road,665-850-8856,Base Plan,No,Yes
583,219397189,Guthrey Buxey,gbuxeyg6@sciencedaily.com,25149 Eagle Crest Plaza,204-365-3242,Base Plan,Yes,Yes
584,787793997,Rora Prin,rpring7@unblog.fr,86 Clyde Gallagher Place,823-751-2511,SIM-Only,No,Yes
585,832348536,Deedee Parris,dparrisg8@usda.gov,57 South Hill,359-201-0976,SIM-Only,Yes,No
586,647290750,Lilia Wernham,lwernhamg9@usda.gov,8 Village Green Hill,863-222-1757,Base Plan,No,No
587,944994125,Cindelyn Ferry,cferryga@quantcast.com,4 Valley Edge Pass,906-603-0683,SIM-Only,No,Yes
588,048484531,Camila Stammler,cstammlergb@discovery.com,43 Brentwood Drive,127-259-2279,SIM-Only,Yes,No
589,566253923,Vally Van den Broek,vvangc@nasa.gov,9890 Melody Circle,713-195-6568,Base Plan,No,Yes
590,902010485,Bernelle Townshend,btownshendgd@eepurl.com,25699 Upham Lane,513-343-7325,Base Plan,No,Yes
591,476894096,Kristian Willoway,kwillowayge@tinypic.com,45 Lillian Trail,143-485-2206,SIM-Only,Yes,No
592,147662758,Roldan Rheubottom,rrheubottomgf@hud.gov,0042 Vera Road,325-290-3275,Base Plan,No,Yes
593,010278988,Addy Coppock.,acoppockgg@hubpages.com,00 Kim Trail,733-465-3504,SIM-Only,Yes,No
594,695862629,Faustine Robke,frobkegh@google.com.au,73766 Everett Trail,277-522-5641,Base Plan,Yes,Yes
595,742236836,Susanne Such,ssuchgi@slate.com,956 Ridge Oak Trail,803-247-3834,SIM-Only,No,Yes
596,105419585,Camellia Jendas,cjendasgj@yellowpages.com,11 Hayes Court,381-177-0765,Base Plan,Yes,No
597,425647210,Fitzgerald Petrelli,fpetrelligk@reverbnation.com,8316 Hoffman Place,528-141-5177,Base Plan,No,Yes
598,092068640,Idell Clancy,iclancygl@themeforest.net,74 Charing Cross Alley,677-495-4758,SIM-Only,No,Yes
599,393118656,Abbey Dawbury,adawburygm@webnode.com,2 Bunker Hill Circle,346-340-5169,Base Plan,No,Yes
600,065638592,Seana Spain-Gower,sspaingowergn@ucsd.edu,8172 Loftsgordon Parkway,199-617-2485,SIM-Only,Yes,No
601,797751175,Emily Facey,efaceygo@usatoday.com,4 Manitowish Trail,687-567-1780,SIM-Only,Yes,No
602,229829755,Miguelita Lounds,mloundsgp@behance.net,433 Ramsey Road,289-952-6655,Base Plan,No,Yes
603,026976962,Susy Blackesland,sblackeslandgq@ebay.co.uk,8538 Lukken Court,954-795-1522,Base Plan,No,Yes
604,363279841,Delphinia Siebart,dsiebartgr@businesswire.com,6467 Prentice Street,526-957-7264,Base Plan,Yes,No
605,236745650,Kay Moulson,kmoulsongs@123-reg.co.uk,00 Nevada Avenue,762-314-8351,SIM-Only,No,No
606,878792645,Desiri Vittle,dvittlegt@clickbank.net,35 Anhalt Park,616-669-3983,SIM-Only,Yes,Yes
607,912268955,Fawn Bruhnsen,fbruhnsengu@blog.com,96989 Columbus Street,625-781-5434,SIM-Only,Yes,Yes
608,173939239,Janeczka Tickel,jtickelgv@ezinearticles.com,0379 Melvin Court,486-791-5090,SIM-Only,Yes,No
609,429962624,Leeann Rosser,lrossergw@time.com,466 Lindbergh Plaza,955-289-4014,SIM-Only,Yes,Yes
610,679541844,Wilfrid O'Brogan,wobrogangx@dailymotion.com,1575 Hazelcrest Center,475-565-5605,Base Plan,Yes,No
611,486216672,Gabriellia Blei,gbleigy@whitehouse.gov,2517 Ridgeway Junction,528-336-6072,SIM-Only,Yes,Yes
612,593403841,Everard Testro,etestrogz@w3.org,98 Sheridan Trail,307-363-4505,Base Plan,Yes,No
613,284157635,Eli Itskovitz,eitskovitzh0@biblegateway.com,948 Bartelt Road,771-312-7860,SIM-Only,Yes,Yes
614,893721324,Nikolai Traher,ntraherh1@icq.com,84 Bultman Street,509-539-0822,Base Plan,Yes,No
615,765222035,Cristin Filshin,cfilshinh2@state.gov,62233 Anderson Drive,911-132-6908,Base Plan,No,Yes
616,219647970,Mabel Vasilik,mvasilikh3@walmart.com,41 Vernon Road,444-288-9702,SIM-Only,No,No
617,405684357,Sena MacGoun,smacgounh4@godaddy.com,229 Northridge Avenue,118-463-5826,SIM-Only,Yes,Yes
618,115396590,Nike Reuss,nreussh5@histats.com,785 Summerview Drive,529-301-2609,SIM-Only,No,Yes
619,006345973,Tonie Riteley,triteleyh6@scientificamerican.com,3926 Loftsgordon Pass,708-611-1956,SIM-Only,No,Yes
620,988696895,Skyler Spoure,sspoureh7@barnesandnoble.com,07 Glacier Hill Plaza,184-340-7328,SIM-Only,No,Yes
621,766517322,Obed Breckwell,obreckwellh8@drupal.org,4929 Banding Point,543-123-2978,SIM-Only,No,Yes
622,079439061,Emmett Piggins,epigginsh9@yolasite.com,062 Kings Crossing,877-620-2623,Base Plan,Yes,Yes
623,651896664,Betsy Holdron,bholdronha@imdb.com,3 Pierstorff Alley,456-191-7317,Base Plan,Yes,No
624,601432988,Nan Nerval,nnervalhb@blinklist.com,53 Declaration Trail,607-483-0597,SIM-Only,No,Yes
625,767732306,Nan Teggin,ntegginhc@blog.com,3587 Warbler Center,682-934-8416,Base Plan,Yes,Yes
626,955885427,Natale Bartelot,nbartelothd@wordpress.com,1920 Bay Road,502-802-0768,SIM-Only,Yes,No
627,381028841,Chloe Taile,ctailehe@mapy.cz,73 Stoughton Street,489-526-1911,SIM-Only,Yes,Yes
628,094496918,Cullen Wolfendale,cwolfendalehf@cafepress.com,8065 Barnett Avenue,928-254-3197,SIM-Only,Yes,Yes
629,470790408,Jemima Lias,jliashg@quantcast.com,38 Vahlen Court,185-758-8738,Base Plan,Yes,Yes
630,986903280,Stormi Dalton,sdaltonhh@furl.net,67 Eagle Crest Crossing,241-190-2469,SIM-Only,No,No
631,113496391,Zared Walsh,zwalshhi@php.net,18493 Pennsylvania Circle,847-192-7265,SIM-Only,No,No
632,368448211,Donni Follit,dfollithj@oracle.com,39 Dakota Avenue,447-457-1046,Base Plan,Yes,No
633,997592529,Erminie Dundendale,edundendalehk@typepad.com,118 North Pass,818-265-2569,SIM-Only,Yes,Yes
634,537174718,Ashlan Fleetham,afleethamhl@freewebs.com,92340 Burrows Parkway,836-185-7123,SIM-Only,Yes,No
635,087406403,Kermy O'Kielt,kokielthm@odnoklassniki.ru,33512 Mandrake Parkway,814-345-5703,SIM-Only,Yes,No
636,766203135,Curtis Sivier,csivierhn@xrea.com,35969 Blaine Crossing,482-632-5754,Base Plan,Yes,No
637,357914281,Ermin Easbie,eeasbieho@nhs.uk,5042 Fair Oaks Junction,950-434-6991,Base Plan,No,Yes
638,856126514,Hedi Burgess,hburgesshp@reuters.com,83327 Fallview Avenue,605-896-8414,SIM-Only,Yes,Yes
639,215006355,Lewiss Gun,lgunhq@amazonaws.com,3 Ryan Circle,366-313-3648,SIM-Only,Yes,Yes
640,451065912,Pamella Gallyhaock,pgallyhaockhr@about.com,2 Browning Plaza,127-466-3113,SIM-Only,Yes,Yes
641,796522363,Reinhard Feldhorn,rfeldhornhs@clickbank.net,51339 Saint Paul Lane,581-478-6277,SIM-Only,No,Yes
642,188814310,Emlynne Maken,emakenht@cloudflare.com,842 Anthes Hill,501-419-4933,SIM-Only,Yes,Yes
643,887225447,Reagan Sijmons,rsijmonshu@pagesperso-orange.fr,88814 Algoma Hill,519-152-6077,Base Plan,Yes,No
644,330349826,Saw Greiswood,sgreiswoodhv@wisc.edu,0119 Raven Parkway,273-392-4464,SIM-Only,Yes,No
645,721282997,Wileen Eyre,weyrehw@techcrunch.com,2 Meadow Vale Alley,693-273-6762,Base Plan,Yes,No
646,075140482,Timmie Fanner,tfannerhx@4shared.com,75 Del Mar Terrace,403-820-5210,SIM-Only,Yes,No
647,688901688,Bari Ollivierre,bollivierrehy@salon.com,8086 Macpherson Court,358-344-1402,SIM-Only,No,Yes
648,618555426,Albertina Follin,afollinhz@smh.com.au,269 Mcguire Terrace,242-108-3913,Base Plan,Yes,No
649,961132783,Early Grundell,egrundelli0@tinyurl.com,059 Mosinee Avenue,771-207-0971,SIM-Only,Yes,Yes
650,995286942,Bertina Lyffe,blyffei1@ebay.com,71119 Hoard Circle,776-670-4984,Base Plan,No,Yes
651,351533917,Ronnie Waylett,rwayletti2@vkontakte.ru,278 Jay Lane,645-408-4934,SIM-Only,No,No
652,882009520,Brooke Burden,bburdeni3@hatena.ne.jp,7597 Merry Road,736-420-4629,Base Plan,Yes,No
653,530229527,Selma Roffe,sroffei4@washington.edu,2355 Waubesa Parkway,241-783-3335,SIM-Only,Yes,No
654,605453248,Kevyn Stranks,kstranksi5@ft.com,6 Burrows Place,832-477-5935,Base Plan,Yes,No
655,966658637,Leia Isles,lislesi6@nymag.com,32645 Dixon Parkway,527-733-6525,SIM-Only,Yes,No
656,333550997,Arlin Beaman,abeamani7@amazon.co.jp,29 Elgar Parkway,499-638-5382,Base Plan,No,Yes
657,104829279,Adham Benedict,abenedicti8@linkedin.com,4842 Almo Trail,236-407-9837,SIM-Only,Yes,Yes
658,591395373,Alford Royle,aroylei9@sbwire.com,764 Carpenter Avenue,453-188-7154,SIM-Only,Yes,Yes
659,217319287,Britte Dyhouse,bdyhouseia@tamu.edu,8 Fisk Terrace,743-420-8836,SIM-Only,No,No
660,205785508,Lois Quarless,lquarlessib@networksolutions.com,3 Summit Trail,229-798-2778,SIM-Only,No,No
661,513115250,Bret Oloshkin,boloshkinic@4shared.com,6018 Fairfield Junction,492-566-2322,Base Plan,Yes,No
662,921872821,Shirline Albiston,salbistonid@wordpress.com,70 Dawn Hill,347-955-7766,Base Plan,Yes,Yes
663,648640919,Modesta Waskett,mwaskettie@indiatimes.com,4 Talisman Center,532-411-1778,Base Plan,No,No
664,903458783,Dagmar Chellam,dchellamif@webeden.co.uk,871 Village Green Alley,810-708-4424,Base Plan,No,No
665,546883812,Geoff Cruden,gcrudenig@un.org,87755 Burning Wood Point,499-126-9025,Base Plan,Yes,Yes
666,017028530,Abner Dunbleton,adunbletonih@wufoo.com,778 Superior Plaza,490-639-9203,SIM-Only,Yes,No
667,269238271,Hodge Lamboll,hlambollii@com.com,1593 Larry Crossing,669-501-1864,SIM-Only,Yes,No
668,939942316,Selene O'Doogan,sodooganij@diigo.com,315 Stoughton Hill,669-707-2733,SIM-Only,No,Yes
669,534636641,Jacquelyn Burril,jburrilik@indiatimes.com,5 Mosinee Hill,840-688-2416,Base Plan,No,No
670,821643439,Domingo Obington,dobingtonil@scientificamerican.com,98 Cambridge Point,982-797-6028,Base Plan,No,No
671,335572577,Marisa Dohr,mdohrim@engadget.com,577 Marcy Terrace,536-557-5748,SIM-Only,No,No
672,483757356,Alexine Aspinall,aaspinallin@nymag.com,1603 Bay Place,854-329-1581,Base Plan,Yes,Yes
673,961843432,Berte Gother,bgotherio@tripadvisor.com,4895 Rieder Parkway,160-588-9754,SIM-Only,Yes,No
674,546911406,Bettina Ducham,bduchamip@dmoz.org,9 Pennsylvania Drive,960-773-2521,Base Plan,No,Yes
675,872431081,Gradey Bendixen,gbendixeniq@dell.com,599 Dexter Plaza,491-992-8677,SIM-Only,No,Yes
676,547010606,Oliviero Vaskov,ovaskovir@123-reg.co.uk,5969 Morningstar Avenue,830-538-6467,SIM-Only,No,Yes
677,804262932,Colene Castanone,ccastanoneis@tripadvisor.com,203 Doe Crossing Lane,948-590-3830,SIM-Only,No,Yes
678,602750379,Ambrose Manhood,amanhoodit@geocities.com,0 Ryan Circle,454-908-0417,Base Plan,No,Yes
679,568015886,Oberon Folini,ofoliniiu@shutterfly.com,3026 Huxley Avenue,397-855-8989,SIM-Only,No,No
680,394752240,Averell Oxtiby,aoxtibyiv@ycombinator.com,0565 Grim Terrace,715-469-0346,SIM-Only,No,No
681,368553924,Aretha Purple,apurpleiw@csmonitor.com,1 Lyons Lane,325-826-9727,Base Plan,No,No
682,401109202,Heddie McKeag,hmckeagix@bigcartel.com,03 Eagan Street,100-869-4558,SIM-Only,No,No
683,101252995,Loella Spellward,lspellwardiy@ehow.com,344 Debra Plaza,841-286-5917,Base Plan,Yes,Yes
684,162604597,Cammie Antonowicz,cantonowicziz@sbwire.com,1027 Nevada Street,322-326-6700,Base Plan,Yes,No
685,164237801,Fionnula Litherborough,flitherboroughj0@sogou.com,13 Kingsford Court,861-113-3555,Base Plan,No,Yes
686,276972414,Glynis De Domenici,gdej1@reuters.com,0 Summer Ridge Court,465-678-9496,Base Plan,Yes,No
687,783993765,Will Brimble,wbrimblej2@unc.edu,347 Derek Circle,505-507-3119,SIM-Only,No,No
688,982332037,Michaeline McCathie,mmccathiej3@skype.com,409 Reindahl Trail,906-995-9648,SIM-Only,Yes,Yes
689,094241045,Nicol Band,nbandj4@imgur.com,60864 Walton Road,970-477-6327,SIM-Only,Yes,Yes
690,805771171,Charla O'Scanlan,coscanlanj5@sina.com.cn,3 Burning Wood Road,983-530-4443,Base Plan,Yes,Yes
691,457953776,Luce Edmands,ledmandsj6@ehow.com,22 Montana Pass,940-761-2138,SIM-Only,Yes,Yes
692,700187656,Addie Bowmen,abowmenj7@mit.edu,16345 Barby Center,177-822-0285,Base Plan,No,Yes
693,384967781,Udell Kann,ukannj8@reddit.com,7226 Farmco Drive,476-932-1306,SIM-Only,No,Yes
694,869742467,Rodge Lyle,rlylej9@list-manage.com,4781 Morrow Plaza,638-951-2548,SIM-Only,No,Yes
695,072389682,Jacklin Butterick,jbutterickja@domainmarket.com,38 Division Terrace,563-692-9705,Base Plan,No,Yes
696,699516682,Marcellina Foxhall,mfoxhalljb@icq.com,939 Dorton Street,800-296-5883,SIM-Only,No,Yes
697,877840985,Wendel Gebb,wgebbjc@cnbc.com,1 Laurel Court,486-653-2921,SIM-Only,No,No
698,316941311,Candida Spurge,cspurgejd@europa.eu,14 8th Drive,475-606-2267,SIM-Only,Yes,Yes
699,549456193,Siegfried Geill,sgeillje@washington.edu,29996 Becker Lane,491-802-6002,SIM-Only,Yes,Yes
700,025686822,Caralie Dashkovich,cdashkovichjf@com.com,1 Moland Avenue,247-668-1848,Base Plan,No,Yes
701,321231299,Benedetto Gillopp,bgilloppjg@chronoengine.com,156 Ludington Point,554-560-2889,Base Plan,No,No
702,114213344,Aleksandr Letten,alettenjh@noaa.gov,12994 Mendota Court,176-692-2914,Base Plan,No,No
703,088730821,Bonnee Tolan,btolanji@t.co,000 Stoughton Parkway,334-511-8378,Base Plan,Yes,No
704,423289146,Ferdy Rutty,fruttyjj@sakura.ne.jp,663 Grim Center,472-888-1537,SIM-Only,No,No
705,662767509,Georgeanna Lownsbrough,glownsbroughjk@ustream.tv,9 Northwestern Lane,959-572-5877,Base Plan,No,No
706,976170510,Dione Annesley,dannesleyjl@barnesandnoble.com,84 Pawling Trail,771-943-4058,SIM-Only,Yes,Yes
707,198612477,Darcey Cosslett,dcosslettjm@tinyurl.com,22046 Melvin Circle,956-493-3878,Base Plan,No,No
708,888352838,Davidde Hagyard,dhagyardjn@shinystat.com,723 3rd Drive,625-410-4362,Base Plan,No,Yes
709,550419655,Toddy Cordobes,tcordobesjo@de.vu,540 Canary Pass,658-606-8855,SIM-Only,Yes,Yes
710,749802850,Terri Povey,tpoveyjp@ebay.co.uk,89 Oneill Drive,349-578-6683,Base Plan,No,Yes
711,619318344,Geri Robardey,grobardeyjq@twitpic.com,65 Lunder Parkway,367-812-7772,Base Plan,Yes,No
712,322398013,Lynnett Hartness,lhartnessjr@php.net,0770 5th Plaza,531-891-1059,Base Plan,Yes,No
713,174917973,Dina Minogue,dminoguejs@twitter.com,8 Johnson Park,481-114-0790,SIM-Only,Yes,Yes
714,326032827,Dorothee Ruddock,druddockjt@uiuc.edu,9975 Leroy Junction,158-672-4727,SIM-Only,No,No
715,295049850,Chandler Spadaro,cspadaroju@engadget.com,747 Corscot Point,745-103-9274,SIM-Only,No,No
716,265341971,Yvor Barnett,ybarnettjv@is.gd,43466 Lyons Hill,381-428-6065,SIM-Only,Yes,Yes
717,886436107,Eirena Bellas,ebellasjw@telegraph.co.uk,9446 Schlimgen Drive,432-522-8101,Base Plan,Yes,No
718,847766839,Ced Jelkes,cjelkesjx@npr.org,48008 Roth Circle,151-341-4423,Base Plan,No,No
719,462762393,Solomon Strelitz,sstrelitzjy@1und1.de,118 Di Loreto Street,858-230-0694,SIM-Only,Yes,Yes
720,379163964,Gordan Biggans,gbiggansjz@guardian.co.uk,45 Bonner Center,241-758-2105,Base Plan,Yes,Yes
721,289931669,Joela De Ferraris,jdek0@devhub.com,346 Loeprich Avenue,172-441-6324,SIM-Only,No,No
722,749881427,Liliane Godbolt,lgodboltk1@sohu.com,7 Mosinee Drive,218-345-1969,Base Plan,No,No
723,046379926,Philbert Rippon,pripponk2@dailymotion.com,954 Dexter Lane,440-972-2780,SIM-Only,Yes,No
724,047755928,Brigg Zoppie,bzoppiek3@e-recht24.de,2897 Pearson Drive,564-680-4580,SIM-Only,No,Yes
725,901051282,Willette Hargreave,whargreavek4@dyndns.org,7899 Sunfield Circle,182-657-8388,Base Plan,No,No
726,811670616,Garik Boissier,gboissierk5@paypal.com,0 Mariners Cove Street,659-706-4393,Base Plan,No,Yes
727,970227761,Melisande Railton,mrailtonk6@amazon.co.jp,0 David Pass,946-589-2534,SIM-Only,Yes,No
728,193800002,Sharline Mangeon,smangeonk7@fastcompany.com,3 Havey Trail,363-207-2319,Base Plan,No,No
729,859811789,Garret Zimmermanns,gzimmermannsk8@google.com.hk,43645 Susan Point,685-755-3601,Base Plan,No,Yes
730,584891886,Giselbert Loker,glokerk9@tmall.com,811 Gina Drive,808-600-4364,Base Plan,Yes,No
731,544379490,Christina Keppel,ckeppelka@yolasite.com,039 8th Court,179-580-3872,SIM-Only,Yes,No
732,007024344,Felicia Gane,fganekb@newsvine.com,18372 Spohn Terrace,894-230-0627,Base Plan,Yes,No
733,589281626,Lyndell McMurtyr,lmcmurtyrkc@theatlantic.com,35151 Logan Pass,855-161-6260,SIM-Only,Yes,Yes
734,505063070,Chris Guile,cguilekd@mit.edu,93 Schmedeman Road,475-640-9170,SIM-Only,Yes,Yes
735,146908958,Friederike Stoner,fstonerke@sciencedaily.com,46968 Crowley Crossing,484-912-7232,SIM-Only,No,Yes
736,474008541,Neddy Synke,nsynkekf@storify.com,549 Dahle Circle,805-535-3508,SIM-Only,No,No
737,263024422,Germaine Monger,gmongerkg@skyrock.com,89122 Montana Alley,114-605-1061,Base Plan,Yes,No
738,386083750,Nancie Haydney,nhaydneykh@arstechnica.com,9648 Farragut Lane,448-490-8204,SIM-Only,Yes,Yes
739,280629519,Talya Dettmar,tdettmarki@fda.gov,8 Logan Hill,134-999-3499,Base Plan,Yes,No
740,730448115,Gertrud Rops,gropskj@pen.io,75 Cardinal Pass,664-656-6265,SIM-Only,No,No
741,053136234,Lenci MacCaffrey,lmaccaffreykk@pen.io,144 7th Lane,228-595-9819,Base Plan,No,No
742,206713141,Mignonne Beardshall,mbeardshallkl@creativecommons.org,9 Longview Junction,397-148-3426,Base Plan,Yes,No
743,788365736,Dilan Billie,dbilliekm@deliciousdays.com,2927 Montana Alley,645-405-0912,SIM-Only,No,No
744,073955993,Gardiner Weall,gweallkn@chron.com,35 Lakewood Trail,693-337-0898,Base Plan,No,Yes
745,948699570,Iosep Frangione,ifrangioneko@mysql.com,78436 Johnson Park,927-846-9025,SIM-Only,No,No
746,470616257,Tressa Cornwall,tcornwallkp@statcounter.com,6 Sutherland Point,324-858-0822,Base Plan,Yes,Yes
747,462501245,Shel Spellar,sspellarkq@ebay.com,121 Meadow Ridge Hill,589-286-8633,Base Plan,Yes,Yes
748,723245200,Alon Raiker,araikerkr@photobucket.com,5558 Hoard Court,519-579-4116,SIM-Only,Yes,No
749,409934710,Olvan Scally,oscallyks@yellowpages.com,5 Blaine Terrace,749-185-2016,Base Plan,No,No
750,023525626,Catharina Dallan,cdallankt@uol.com.br,19171 Pine View Hill,850-170-2262,Base Plan,No,Yes
751,535778242,Saul Eaken,seakenku@spotify.com,45 Spenser Pass,182-834-2564,SIM-Only,Yes,Yes
752,882608879,Dennet De Morena,ddekv@cdbaby.com,78829 Almo Court,524-379-8575,SIM-Only,Yes,Yes
753,947152171,Andreana Binny,abinnykw@oakley.com,8 Sachs Court,925-476-4977,Base Plan,Yes,Yes
754,567049653,Ronda Vasentsov,rvasentsovkx@unblog.fr,7369 Washington Plaza,290-506-8896,SIM-Only,No,Yes
755,319874793,Babb Dossantos,bdossantosky@yolasite.com,77527 Lawn Drive,318-213-3117,SIM-Only,No,Yes
756,732996119,Martina Hehir,mhehirkz@gizmodo.com,15192 Nobel Street,646-473-1484,SIM-Only,No,Yes
757,174072097,Marlo Tirkin,mtirkinl0@rediff.com,6777 Karstens Center,273-343-4189,Base Plan,Yes,No
758,948445157,Tomasine Brosoli,tbrosolil1@boston.com,11559 Mosinee Center,640-102-0968,SIM-Only,Yes,Yes
759,188857835,Adi Bythway,abythwayl2@nyu.edu,91 Esker Park,256-509-1894,Base Plan,No,Yes
760,376773719,Alma Baggelley,abaggelleyl3@vkontakte.ru,380 Prairieview Lane,412-340-9342,Base Plan,Yes,No
761,609411097,Emerson Dower,edowerl4@google.ru,986 Melvin Alley,903-781-0307,Base Plan,No,Yes
762,950698778,Orbadiah Vassman,ovassmanl5@netscape.com,9450 Thompson Circle,871-925-2548,SIM-Only,Yes,No
763,160907999,Torrence Frackiewicz,tfrackiewiczl6@weebly.com,20 Del Sol Avenue,244-340-1313,Base Plan,Yes,Yes
764,723107875,Bernarr Arnaez,barnaezl7@wordpress.com,04 Gina Avenue,758-785-0243,SIM-Only,No,Yes
765,117710164,Jim Senior,jseniorl8@tinypic.com,786 Waywood Park,797-884-6639,SIM-Only,Yes,No
766,110068830,Sherye Scanlan,sscanlanl9@histats.com,204 Darwin Drive,732-556-3464,SIM-Only,No,Yes
767,823447161,Ari Stock,astockla@biblegateway.com,13 Carioca Circle,774-214-7916,SIM-Only,Yes,No
768,662336260,Gertrudis Shirtliff,gshirtlifflb@kickstarter.com,7 Tony Drive,752-394-6023,Base Plan,No,No
769,204468353,Puff Beevers,pbeeverslc@cbsnews.com,75 Lawn Place,205-962-3105,Base Plan,Yes,Yes
770,890097527,Jamil McTrusty,jmctrustyld@msu.edu,07 Stephen Drive,507-263-2854,Base Plan,Yes,No
771,764437658,Marje McGow,mmcgowle@google.it,45970 Nevada Parkway,737-240-5580,SIM-Only,Yes,No
772,956828469,Annetta Jillins,ajillinslf@blogs.com,6 Fieldstone Way,806-686-4586,Base Plan,No,Yes
773,733132469,Alva Smitheman,asmithemanlg@edublogs.org,4 Judy Circle,593-888-9224,SIM-Only,Yes,Yes
774,900215325,Baron Bassilashvili,bbassilashvililh@fastcompany.com,704 Riverside Way,976-499-5368,SIM-Only,Yes,No
775,857391714,Herve Parsand,hparsandli@patch.com,68 6th Way,143-546-3783,Base Plan,No,Yes
776,452432149,Adam Gainsbury,againsburylj@answers.com,4 Loomis Place,708-794-0414,SIM-Only,No,Yes
777,314223715,Dirk Renhard,drenhardlk@census.gov,563 Summer Ridge Junction,441-318-4798,SIM-Only,No,Yes
778,423169059,Sherri Scrannage,sscrannagell@cisco.com,9 Rusk Hill,260-479-1828,Base Plan,Yes,No
779,233629228,Cordey Grimestone,cgrimestonelm@alexa.com,831 Scofield Lane,381-834-7537,SIM-Only,No,No
780,919536900,Efren Ryding,erydingln@army.mil,6380 Kennedy Alley,272-487-0698,Base Plan,No,No
781,257448141,Trixie Ridding,triddinglo@hubpages.com,89 Dwight Parkway,422-187-7286,Base Plan,Yes,Yes
782,673161113,Hugh Kleinpeltz,hkleinpeltzlp@nps.gov,44 Kenwood Trail,177-698-6626,Base Plan,Yes,Yes
783,001900623,Lief Heinlein,lheinleinlq@photobucket.com,5369 Linden Place,151-591-2772,Base Plan,Yes,Yes
784,841042207,Paco Arter,parterlr@si.edu,5775 Summer Ridge Way,921-924-4797,SIM-Only,No,No
785,329793625,Rebecca Thackston,rthackstonls@archive.org,15710 Comanche Park,372-192-8748,Base Plan,Yes,Yes
786,584156180,Evita Sanpere,esanperelt@wiley.com,7269 Packers Lane,952-391-8643,SIM-Only,No,No
787,838358902,Joey Hamilton,jhamiltonlu@wikispaces.com,50 Hanson Court,304-992-0441,SIM-Only,Yes,No
788,950623254,Goldie Woolen,gwoolenlv@pagesperso-orange.fr,358 Claremont Pass,906-960-6183,Base Plan,No,Yes
789,803817649,Elnora Tubridy,etubridylw@constantcontact.com,97 Sage Junction,899-100-0150,SIM-Only,Yes,Yes
790,793305464,Cariotta Tight,ctightlx@umich.edu,72633 Schiller Hill,926-993-1378,Base Plan,Yes,Yes
791,461460564,Faythe Duns,fdunsly@plala.or.jp,6 Calypso Terrace,102-875-6664,SIM-Only,Yes,Yes
792,620777266,Una Steadman,usteadmanlz@businessinsider.com,4 Schiller Hill,738-579-4288,SIM-Only,No,No
793,868079471,Kendre Becom,kbecomm0@ehow.com,5409 American Ash Plaza,458-997-0248,SIM-Only,No,Yes
794,116835365,Benedetto Coverley,bcoverleym1@psu.edu,6 Valley Edge Center,640-175-6302,Base Plan,Yes,Yes
795,240364245,Evania Duggon,eduggonm2@nbcnews.com,82025 Buhler Circle,513-273-2095,Base Plan,Yes,Yes
796,963540677,Candi Lidgley,clidgleym3@privacy.gov.au,11135 Union Lane,251-995-7060,Base Plan,Yes,Yes
797,686086928,Gannon Laverock,glaverockm4@163.com,23 Thackeray Lane,835-518-1559,Base Plan,No,Yes
798,179406226,Pepillo Teager,pteagerm5@skype.com,9 Pierstorff Alley,416-397-8882,Base Plan,Yes,Yes
799,752364135,Rochester Cluelow,rcluelowm6@about.com,260 Menomonie Park,507-577-8495,SIM-Only,Yes,Yes
800,900827203,Tim Folliott,tfolliottm7@51.la,344 Cordelia Avenue,141-438-3087,Base Plan,Yes,Yes
801,594713996,Rochester Tanguy,rtanguym8@nydailynews.com,14374 Springview Place,396-826-2323,Base Plan,Yes,No
802,664698064,Clywd Lamberti,clambertim9@amazon.co.jp,51566 Steensland Parkway,876-533-7836,Base Plan,No,Yes
803,709223226,Rosabella Davitti,rdavittima@nyu.edu,6934 Briar Crest Park,303-246-1627,SIM-Only,Yes,No
804,737066920,Marcelline Vokes,mvokesmb@wordpress.com,736 Clemons Lane,387-780-2444,SIM-Only,No,Yes
805,053095775,Delores De La Haye,ddemc@upenn.edu,7801 Pankratz Parkway,431-936-2355,SIM-Only,Yes,No
806,197700817,Curr Meddick,cmeddickmd@vkontakte.ru,7 Karstens Junction,491-710-5341,Base Plan,No,No
807,675848594,Teresita Dane,tdaneme@miibeian.gov.cn,0805 Autumn Leaf Circle,592-349-8379,Base Plan,Yes,Yes
808,878473786,Giacinta Cash,gcashmf@github.io,33874 Stuart Terrace,425-983-2972,Base Plan,Yes,Yes
809,590466130,Cynthea Ranvoise,cranvoisemg@merriam-webster.com,05 Old Gate Alley,739-182-4441,SIM-Only,No,Yes
810,787641853,Quinton Brabben,qbrabbenmh@imageshack.us,5 Jackson Alley,735-419-0839,SIM-Only,No,No
811,352867689,Alick Ashment,aashmentmi@reuters.com,43 Bobwhite Hill,483-939-8606,Base Plan,No,Yes
812,267027339,Kory Schole,kscholemj@boston.com,29041 Forest Dale Center,749-602-5222,SIM-Only,Yes,Yes
813,392569312,Vladamir Mulqueen,vmulqueenmk@mayoclinic.com,4 Merry Hill,947-105-1648,Base Plan,Yes,Yes
814,473309984,Nap Staries,nstariesml@sciencedirect.com,77 Sachtjen Crossing,829-328-3941,Base Plan,No,Yes
815,429960717,Gordan Dootson,gdootsonmm@statcounter.com,304 7th Way,868-442-1218,Base Plan,No,No
816,202903823,Mose Kunzel,mkunzelmn@si.edu,39 Pennsylvania Trail,951-843-2007,SIM-Only,Yes,No
817,633224414,Brant Agneau,bagneaumo@com.com,71858 Bunting Street,253-171-3549,SIM-Only,Yes,No
818,182974364,Adler Tavener,atavenermp@techcrunch.com,18931 Towne Trail,739-207-9283,Base Plan,No,Yes
819,615782815,Abba Seawright,aseawrightmq@gnu.org,118 Onsgard Way,550-573-9699,SIM-Only,No,No
820,088106288,Marleah Tilling,mtillingmr@hc360.com,7224 Brentwood Avenue,672-417-0012,SIM-Only,Yes,Yes
821,695854188,Kacie Aish,kaishms@ameblo.jp,471 Oxford Crossing,942-130-2584,Base Plan,No,Yes
822,550805784,Braden De Ruel,bdemt@dyndns.org,55 Atwood Avenue,959-353-8727,Base Plan,No,Yes
823,141605240,Lilah Geroldini,lgeroldinimu@tinyurl.com,8555 Shasta Plaza,151-421-6475,SIM-Only,No,Yes
824,008838389,Putnam Fellowes,pfellowesmv@patch.com,75128 Kennedy Pass,879-287-3056,Base Plan,No,Yes
825,412793817,Fidela Sims,fsimsmw@nymag.com,609 Knutson Junction,586-482-0874,SIM-Only,No,Yes
826,739445011,Concettina Andreini,candreinimx@ftc.gov,34118 Dryden Pass,735-884-2435,SIM-Only,No,No
827,714241622,Asia Milsap,amilsapmy@bing.com,109 Nova Circle,228-921-8401,SIM-Only,Yes,No
828,658298328,Everard Ingamells,eingamellsmz@google.ca,780 Cambridge Place,725-285-9369,SIM-Only,Yes,Yes
829,536016870,Giulio Ollet,golletn0@over-blog.com,8144 Manitowish Road,703-400-3481,Base Plan,No,No
830,078506198,Rolando Maulkin,rmaulkinn1@arstechnica.com,2939 Tomscot Street,952-146-6814,SIM-Only,Yes,No
831,617039109,Erica Dowdall,edowdalln2@blogger.com,8246 Everett Lane,783-510-2377,Base Plan,No,No
832,735971557,Janene Andrzejewski,jandrzejewskin3@networksolutions.com,962 Ridge Oak Street,477-827-6714,SIM-Only,No,Yes
833,485320942,Gabrila Bowick,gbowickn4@networkadvertising.org,44616 Autumn Leaf Junction,374-105-1909,Base Plan,No,No
834,379536595,Denice Lagde,dlagden5@jimdo.com,432 Rowland Place,604-530-6801,Base Plan,No,No
835,530743565,Sianna Sapwell,ssapwelln6@multiply.com,3984 Bayside Plaza,939-179-7846,Base Plan,Yes,Yes
836,990062492,Dulci Gumb,dgumbn7@amazon.co.jp,65894 Little Fleur Plaza,982-945-2215,SIM-Only,Yes,No
837,762461652,Crawford Norrie,cnorrien8@tmall.com,6472 Lukken Way,896-688-8270,Base Plan,No,No
838,266066531,Odelia Traylen,otraylenn9@lycos.com,8 New Castle Trail,478-692-6429,Base Plan,Yes,No
839,419796209,Kipp Cassella,kcassellana@icq.com,19818 Killdeer Park,876-943-5715,SIM-Only,Yes,Yes
840,701148912,Darla Valerius,dvaleriusnb@com.com,982 High Crossing Avenue,790-225-2440,SIM-Only,No,No
841,540262011,Ysabel Getten,ygettennc@unblog.fr,1485 Kipling Way,794-425-7668,SIM-Only,No,Yes
842,816759407,Erny Lowdiane,elowdianend@youtube.com,4126 Pearson Lane,376-928-5734,SIM-Only,Yes,Yes
843,815134509,Gearalt Barme,gbarmene@nba.com,6 3rd Junction,447-103-4062,Base Plan,Yes,No
844,943153861,Stace Rainbow,srainbownf@blinklist.com,7561 Del Sol Circle,300-281-4798,Base Plan,No,No
845,380150821,Petronilla Barensen,pbarensenng@pinterest.com,61 Reinke Terrace,422-455-6492,Base Plan,Yes,No
846,534981166,Etheline Vignaux,evignauxnh@illinois.edu,29544 Londonderry Crossing,499-315-8582,Base Plan,Yes,No
847,776272501,Neely Gimbart,ngimbartni@google.fr,464 Victoria Avenue,411-160-1349,Base Plan,Yes,No
848,639999787,Ellswerth Varian,evariannj@over-blog.com,10 Montana Avenue,236-238-5797,Base Plan,Yes,No
849,810977996,Farlie Poel,fpoelnk@tuttocitta.it,8943 Forest Dale Lane,558-855-7065,Base Plan,No,No
850,894596749,Gail Morales,gmoralesnl@va.gov,44675 Ridgeway Place,924-120-0409,Base Plan,No,No
851,457477811,Gerda Rispine,grispinenm@dell.com,27 Beilfuss Parkway,626-406-9883,Base Plan,No,Yes
852,105681311,Ofella Harroway,oharrowaynn@icq.com,433 Waywood Junction,933-698-5464,SIM-Only,No,No
853,364439338,Mikey Morriss,mmorrissno@issuu.com,31406 Veith Hill,232-618-3108,SIM-Only,Yes,No
854,092372358,Iggie Diplock,idiplocknp@cam.ac.uk,73928 Vernon Circle,144-299-6339,Base Plan,No,Yes
855,076855023,Merle Buffham,mbuffhamnq@intel.com,346 Troy Point,950-279-3562,Base Plan,No,No
856,177643753,Lammond Swatton,lswattonnr@indiegogo.com,64 Express Road,108-960-2615,Base Plan,Yes,Yes
857,263288600,Hertha Dunhill,hdunhillns@wikimedia.org,508 Havey Junction,981-825-6178,SIM-Only,Yes,No
858,053438475,Desmund Leahair,dleahairnt@sohu.com,39 Bultman Terrace,589-451-8308,Base Plan,Yes,No
859,354890521,Denny Varvara,dvarvaranu@archive.org,376 Colorado Lane,646-667-4496,Base Plan,No,Yes
860,655705210,Gail Goman,ggomannv@wikipedia.org,563 Emmet Road,111-211-9192,Base Plan,No,No
861,959266773,Evie Larraway,elarrawaynw@com.com,3 Portage Point,779-765-2041,Base Plan,Yes,No
862,112567656,Friederike Castellaccio,fcastellaccionx@globo.com,56976 Spaight Plaza,958-370-3937,Base Plan,No,Yes
863,772349859,Benni Martyns,bmartynsny@indiatimes.com,98 Shelley Drive,250-193-0022,Base Plan,No,No
864,305368517,Gerianne Jendas,gjendasnz@theglobeandmail.com,278 Mandrake Hill,753-638-1259,SIM-Only,Yes,Yes
865,409780150,Anne-marie Burnet,aburneto0@boston.com,232 Autumn Leaf Drive,365-162-4670,Base Plan,No,No
866,137239418,Justis Birdwistle,jbirdwistleo1@ted.com,12 Carberry Place,164-740-8208,Base Plan,No,No
867,388562609,Cristie Chopping,cchoppingo2@hp.com,55 Lighthouse Bay Trail,826-447-2755,Base Plan,No,No
868,364768698,Cristine Roughey,crougheyo3@loc.gov,6491 Morningstar Drive,590-654-5769,SIM-Only,No,No
869,560843033,Jarvis Lavies,jlavieso4@google.nl,92821 Debra Court,262-210-1186,Base Plan,No,No
870,013484661,Valery Collete,vcolleteo5@cnet.com,3084 Logan Court,797-673-1743,Base Plan,No,Yes
871,321978802,Holt Shepstone,hshepstoneo6@paypal.com,249 Mallory Terrace,573-572-1879,SIM-Only,Yes,Yes
872,664326366,Kingsly Gaw,kgawo7@google.pl,72 Lerdahl Point,912-427-2925,Base Plan,Yes,Yes
873,558702375,Rolland Figure,rfigureo8@mapy.cz,1 Anzinger Pass,474-483-9799,Base Plan,Yes,Yes
874,027248177,Blakelee Pilbury,bpilburyo9@nymag.com,0 Forest Junction,982-383-7287,Base Plan,Yes,Yes
875,936532910,Bethany Hallatt,bhallattoa@google.de,9 Gateway Crossing,132-554-3936,SIM-Only,Yes,No
876,526646283,Mella Petel,mpetelob@stumbleupon.com,1 Montana Street,418-190-6624,SIM-Only,Yes,Yes
877,614109559,Blondelle Bly,bblyoc@craigslist.org,854 Hazelcrest Junction,372-479-4897,SIM-Only,Yes,No
878,842484593,Monika Allsupp,mallsuppod@statcounter.com,3 Waxwing Terrace,112-337-7911,Base Plan,Yes,Yes
879,009628794,Doug Dredge,ddredgeoe@businesswire.com,38 Fieldstone Point,536-815-3211,SIM-Only,Yes,No
880,583995796,Heidi Gunney,hgunneyof@fda.gov,57031 Manufacturers Circle,968-801-9250,Base Plan,No,Yes
881,454991178,Joel Husset,jhussetog@mysql.com,58124 Forest Run Plaza,971-730-7046,SIM-Only,Yes,No
882,499037621,Tadio Wakerley,twakerleyoh@spotify.com,33 Westridge Road,884-609-0216,SIM-Only,No,No
883,793985674,Elvin Janodet,ejanodetoi@hatena.ne.jp,0128 Anthes Plaza,174-660-0156,SIM-Only,Yes,Yes
884,526944581,Stephana Garrity,sgarrityoj@gov.uk,7 Hudson Parkway,126-332-4417,Base Plan,Yes,Yes
885,901951714,Edouard Birkbeck,ebirkbeckok@google.nl,1289 Jackson Junction,831-625-1225,Base Plan,No,No
886,318376461,Amelina Semor,asemorol@paginegialle.it,567 Swallow Plaza,195-573-8814,SIM-Only,No,Yes
887,634401552,Sile Wistance,swistanceom@xinhuanet.com,84165 Lukken Alley,594-620-0373,SIM-Only,No,No
888,296111245,Dewey Pountney,dpountneyon@ibm.com,29 Pierstorff Terrace,794-133-3351,Base Plan,No,Yes
889,153669540,Anny Tomsa,atomsaoo@apache.org,05918 Pleasure Way,263-514-7219,Base Plan,Yes,Yes
890,551595898,Lyndsie Sleightholm,lsleightholmop@paypal.com,0431 Randy Center,275-926-2383,SIM-Only,Yes,Yes
891,052025551,Walsh Prandoni,wprandonioq@icio.us,3 Bashford Park,217-240-6613,SIM-Only,No,Yes
892,420036879,Misty Scafe,mscafeor@ebay.com,77790 Summer Ridge Point,412-617-3303,SIM-Only,No,No
893,387527760,Sigvard Heinritz,sheinritzos@salon.com,04 Sullivan Hill,358-108-4941,Base Plan,No,No
894,100703829,Charissa Tudge,ctudgeot@latimes.com,02748 Dexter Terrace,968-816-6178,Base Plan,Yes,Yes
895,058055217,Claude Walne,cwalneou@stanford.edu,8 Bowman Pass,104-185-1771,Base Plan,No,Yes
896,688883766,Leonidas Simony,lsimonyov@yahoo.com,7 Bluestem Parkway,718-827-4969,SIM-Only,No,No
897,538001168,Pierrette Dahl,pdahlow@jugem.jp,3 Macpherson Way,255-205-9134,Base Plan,Yes,No
898,644274908,Karita Levin,klevinox@wordpress.com,8 Anthes Court,883-242-8339,SIM-Only,Yes,Yes
899,129300375,Binny Szachniewicz,bszachniewiczoy@narod.ru,0688 Chinook Terrace,833-945-9106,SIM-Only,Yes,Yes
900,782311367,Charlena Cockroft,ccockroftoz@myspace.com,31028 Upham Court,245-824-5729,SIM-Only,Yes,Yes
901,146244275,Irvine Aronov,iaronovp0@npr.org,6 Moose Avenue,543-377-7636,Base Plan,Yes,Yes
902,890098573,Ches Findlay,cfindlayp1@netscape.com,7959 Bayside Avenue,989-514-7852,Base Plan,No,Yes
903,405210134,Patton Mulderrig,pmulderrigp2@mashable.com,8600 International Junction,388-823-7177,SIM-Only,No,Yes
904,378710852,Bernardina Aiken,baikenp3@webs.com,8311 Glacier Hill Street,889-669-6534,Base Plan,Yes,Yes
905,373678972,Dale Rosenfarb,drosenfarbp4@nba.com,3 Marquette Way,541-410-9401,SIM-Only,No,Yes
906,044813060,Noella Branwhite,nbranwhitep5@reference.com,6648 Browning Crossing,991-688-3621,SIM-Only,No,Yes
907,594931755,Lorelei Lidster,llidsterp6@smugmug.com,06 Upham Road,803-837-4608,SIM-Only,Yes,Yes
908,423456030,Caspar Laundon,claundonp7@bloglovin.com,4 Schlimgen Hill,250-481-5456,SIM-Only,Yes,Yes
909,629403516,Rolfe Stollen,rstollenp8@phpbb.com,210 Bay Point,872-139-2064,Base Plan,Yes,No
910,308966244,Waldo Baldry,wbaldryp9@dion.ne.jp,8 Village Trail,169-880-2871,SIM-Only,No,Yes
911,084673298,Jillian Trevett,jtrevettpa@foxnews.com,959 Arizona Junction,476-887-0564,Base Plan,No,No
912,660978773,Boot Mote,bmotepb@fastcompany.com,468 Vahlen Park,308-490-6459,Base Plan,No,No
913,823479037,Bekki Mariner,bmarinerpc@cpanel.net,55648 Killdeer Center,487-469-0255,Base Plan,No,No
914,227948402,Blake Pietrusiak,bpietrusiakpd@surveymonkey.com,8564 Morningstar Trail,602-299-0499,Base Plan,No,Yes
915,156397547,Justen Reglar,jreglarpe@shinystat.com,76 Derek Park,424-666-0185,SIM-Only,Yes,Yes
916,519746559,Igor Garn,igarnpf@java.com,1 Comanche Place,546-123-0348,SIM-Only,No,No
917,289621484,Sherill Grzegorczyk,sgrzegorczykpg@dailymotion.com,3 Bonner Pass,656-297-9667,SIM-Only,Yes,No
918,794001535,Corrianne Parlet,cparletph@army.mil,75 Mayer Street,253-895-8105,Base Plan,No,No
919,835324810,Evangelin Vears,evearspi@gizmodo.com,291 Redwing Road,945-622-9555,Base Plan,No,No
920,459346561,Mildrid Learie,mleariepj@yellowbook.com,36 Haas Street,604-414-8336,SIM-Only,No,Yes
921,934384783,Adara Harses,aharsespk@dell.com,1 Graedel Court,687-921-3598,SIM-Only,Yes,No
922,212875417,Katerine Bever,kbeverpl@cornell.edu,80506 Sutteridge Way,835-947-2726,Base Plan,No,No
923,382543881,Ruttger Virgo,rvirgopm@digg.com,277 Carey Court,904-860-7296,SIM-Only,Yes,Yes
924,015367386,Hilda Glyn,hglynpn@freewebs.com,1653 Green Park,984-549-4133,SIM-Only,Yes,No
925,905737466,Bili Bergeon,bbergeonpo@umn.edu,9379 Sherman Plaza,216-349-4475,SIM-Only,Yes,No
926,762314960,Colette Wyss,cwysspp@bloomberg.com,50125 Lindbergh Pass,823-207-7919,SIM-Only,No,Yes
927,730759646,Lisette Stronge,lstrongepq@topsy.com,00 Lunder Center,169-853-5380,Base Plan,No,No
928,826150429,Alexandrina Beddie,abeddiepr@vinaora.com,2 Maple Wood Parkway,332-483-8679,SIM-Only,No,Yes
929,457697799,Carlos Folliott,cfolliottps@prlog.org,953 Vahlen Drive,606-603-7347,Base Plan,Yes,No
930,751268949,Erwin Novichenko,enovichenkopt@deviantart.com,771 Thierer Lane,311-923-1911,SIM-Only,Yes,Yes
931,323965638,Annie Meace,ameacepu@alibaba.com,0 Heffernan Point,517-593-9417,SIM-Only,Yes,No
932,543034401,Chiarra Fehners,cfehnerspv@nba.com,6019 Forest Dale Point,341-684-9190,SIM-Only,Yes,No
933,262212030,Salmon Riccardi,sriccardipw@google.ca,446 Browning Plaza,442-870-6384,SIM-Only,Yes,No
934,449152494,Shawn Brake,sbrakepx@ebay.com,042 Bartillon Center,568-708-8418,SIM-Only,No,No
935,824424785,Nikkie Marchi,nmarchipy@cbslocal.com,08201 Nova Court,717-379-6846,SIM-Only,Yes,Yes
936,734927710,Virgie Valenta,vvalentapz@macromedia.com,99 Green Hill,330-857-0190,SIM-Only,Yes,No
937,411311853,Kris Rockey,krockeyq0@irs.gov,10 Westridge Court,829-332-8276,Base Plan,Yes,Yes
938,423409908,Hakim Beardow,hbeardowq1@gov.uk,9 Tennyson Court,310-737-8380,SIM-Only,No,Yes
939,898055729,Annalise Kadd,akaddq2@jalbum.net,8 Fulton Road,265-135-7141,Base Plan,Yes,No
940,429346447,Christian Bru,cbruq3@netlog.com,7 Cascade Hill,326-615-9317,SIM-Only,Yes,Yes
941,301977759,Hamil Nottram,hnottramq4@yolasite.com,30 Continental Avenue,772-250-4990,SIM-Only,No,No
942,409391035,Nicola Menendez,nmenendezq5@cnet.com,77697 Duke Avenue,364-840-3709,SIM-Only,No,Yes
943,929752707,Katti Sommerscales,ksommerscalesq6@tuttocitta.it,373 West Circle,412-599-4489,SIM-Only,Yes,Yes
944,204869076,Ninon Kline,nklineq7@usa.gov,7 Aberg Center,972-672-5817,SIM-Only,No,No
945,321601090,Ralph Priddy,rpriddyq8@oracle.com,05416 Mallory Terrace,304-813-0764,SIM-Only,No,No
946,748449789,Burl Stonham,bstonhamq9@sun.com,3 Loomis Point,366-930-5596,SIM-Only,No,No
947,282303619,Garik Swinyard,gswinyardqa@mozilla.com,2 Warbler Pass,593-735-5931,Base Plan,No,No
948,585192340,Adolphus Anersen,aanersenqb@1und1.de,9 Prairie Rose Center,237-705-7786,SIM-Only,Yes,Yes
949,858505379,Blythe Ingry,bingryqc@alexa.com,272 Toban Center,397-660-9511,Base Plan,Yes,No
950,758625105,Rasla Gooly,rgoolyqd@intel.com,7759 Heffernan Pass,119-556-5268,SIM-Only,No,Yes
951,831322576,Vikki Stainsby,vstainsbyqe@163.com,431 Lotheville Hill,123-225-7641,SIM-Only,Yes,No
952,072641004,Angelique Maslin,amaslinqf@qq.com,47 Calypso Trail,735-187-9583,Base Plan,Yes,No
953,300324515,Lanny Tredget,ltredgetqg@shop-pro.jp,421 Blaine Terrace,368-266-1877,SIM-Only,No,Yes
954,699861556,Haven Windrass,hwindrassqh@ovh.net,02723 Blaine Center,580-275-9611,SIM-Only,Yes,No
955,737666832,Roana Gardner,rgardnerqi@epa.gov,119 Melody Center,958-347-0753,Base Plan,No,No
956,366022227,Frannie Arndtsen,farndtsenqj@sourceforge.net,28079 Barby Road,989-900-3128,Base Plan,No,No
957,357513404,Abdel Matyushonok,amatyushonokqk@about.me,286 Prairie Rose Center,301-638-3704,Base Plan,No,Yes
958,581339385,Helaine Renner,hrennerql@com.com,35838 Carey Trail,248-861-7729,SIM-Only,No,No
959,140521210,Christalle Catterell,ccatterellqm@dion.ne.jp,2 Walton Court,703-865-1388,Base Plan,Yes,No
960,011281548,Skipp Bazley,sbazleyqn@google.pl,62 Shopko Point,206-864-6169,Base Plan,Yes,No
961,450443119,Olvan Mithan,omithanqo@cpanel.net,30104 Carberry Plaza,589-154-1456,SIM-Only,No,Yes
962,704935879,Mahalia Fullom,mfullomqp@shop-pro.jp,0 Bluestem Hill,571-286-9815,SIM-Only,No,No
963,024118796,Delphinia Pellamonuten,dpellamonutenqq@taobao.com,65561 Eggendart Plaza,735-294-2330,Base Plan,Yes,Yes
964,759427689,Biron Drivers,bdriversqr@freewebs.com,2 Drewry Point,949-380-0992,Base Plan,Yes,No
965,232651250,Grace Rainsbury,grainsburyqs@dell.com,7 Roxbury Road,445-967-5968,Base Plan,No,Yes
966,765800448,Gabrielle Leathlay,gleathlayqt@free.fr,54 Roth Point,740-839-4754,SIM-Only,Yes,No
967,140140273,Morna Gaisford,mgaisfordqu@cnet.com,109 Kipling Place,860-194-6028,Base Plan,Yes,No
968,192453351,Ambros Bunstone,abunstoneqv@blogs.com,80388 Meadow Valley Hill,926-551-8491,Base Plan,Yes,Yes
969,075625091,Clemmy Jeayes,cjeayesqw@upenn.edu,27 Lakewood Gardens Park,133-761-3487,Base Plan,Yes,Yes
970,793615020,Muriel Faircliffe,mfaircliffeqx@over-blog.com,0303 Hazelcrest Road,347-573-7362,SIM-Only,Yes,Yes
971,583369105,Hesther Plunkett,hplunkettqy@unc.edu,1430 Logan Trail,786-414-0584,Base Plan,No,No
972,251008941,Ursulina Loffill,uloffillqz@usgs.gov,5581 Schiller Point,210-542-2679,Base Plan,Yes,No
973,532735987,Binnie Bunkle,bbunkler0@tumblr.com,1 6th Alley,926-627-9400,Base Plan,No,No
974,885196877,Noemi Patron,npatronr1@flavors.me,3701 Ilene Circle,796-628-3630,SIM-Only,Yes,No
975,345262677,Gusty Guillet,gguilletr2@mysql.com,29143 West Alley,153-663-0116,Base Plan,No,Yes
976,188207234,Laraine Agglione,lagglioner3@usda.gov,417 Artisan Alley,955-262-2044,SIM-Only,Yes,No
977,907656595,Anstice Giorio,agiorior4@meetup.com,8 Duke Avenue,856-135-0376,Base Plan,No,No
978,640076617,Kalil Dudhill,kdudhillr5@oracle.com,85176 Straubel Trail,462-904-4071,SIM-Only,No,No
979,965117191,Emmery Coonan,ecoonanr6@ezinearticles.com,4872 Acker Center,761-523-6932,SIM-Only,Yes,Yes
980,732508111,Freddy Frizzell,ffrizzellr7@i2i.jp,08111 Troy Court,930-549-2714,SIM-Only,No,Yes
981,492137688,Pacorro Chevins,pchevinsr8@cocolog-nifty.com,99 Morningstar Lane,594-141-8205,SIM-Only,Yes,Yes
982,854394719,Dulci Rizzini,drizzinir9@tamu.edu,5 Beilfuss Hill,151-822-1986,Base Plan,No,Yes
983,568758207,Vincents Woodier,vwoodierra@ycombinator.com,647 Rigney Junction,538-300-6955,SIM-Only,No,Yes
984,560108564,Kimberlee Gorgen,kgorgenrb@vk.com,2 Parkside Park,386-194-4759,SIM-Only,Yes,No
985,174805593,Yetty Crosthwaite,ycrosthwaiterc@marketwatch.com,235 Pine View Drive,690-629-7325,SIM-Only,No,No
986,528932087,Codee Veillard,cveillardrd@jugem.jp,277 4th Parkway,885-192-2111,SIM-Only,No,Yes
987,782968203,Clarabelle Tadd,ctaddre@cisco.com,008 Express Avenue,198-721-0455,SIM-Only,No,Yes
988,154623745,Vannie Laxson,vlaxsonrf@free.fr,265 Garrison Terrace,284-897-4858,SIM-Only,Yes,Yes
989,551296044,Aldis Coatman,acoatmanrg@1und1.de,611 Tony Road,693-540-5810,Base Plan,Yes,Yes
990,396290752,Aubry Easbie,aeasbierh@so-net.ne.jp,95186 Oak Place,378-308-0783,SIM-Only,No,No
991,233330831,Harlene Grimbaldeston,hgrimbaldestonri@home.pl,71 Wayridge Junction,166-640-7306,Base Plan,Yes,Yes
992,534794510,Corinne Lucien,clucienrj@sun.com,1 Michigan Lane,354-655-5675,SIM-Only,Yes,No
993,133452950,Helga Phare,hpharerk@utexas.edu,6017 Schlimgen Avenue,564-672-1528,Base Plan,Yes,No
994,980931331,Jenni Varty,jvartyrl@nasa.gov,917 Kinsman Center,801-706-4919,SIM-Only,Yes,No
995,592354290,Kinna Parminter,kparminterrm@tinyurl.com,6932 Tennyson Center,789-486-2708,Base Plan,No,Yes
996,692091924,Bobbi Brick,bbrickrn@sakura.ne.jp,352 Stoughton Crossing,132-138-0413,SIM-Only,No,No
997,170338774,Sean Garwill,sgarwillro@ezinearticles.com,0097 Dorton Crossing,483-372-6710,SIM-Only,No,Yes
998,385828871,Goran Briscoe,gbriscoerp@china.com.cn,727 Delaware Pass,828-623-0514,SIM-Only,Yes,Yes
999,704526493,Hagen Abbs,habbsrq@boston.com,15 Butternut Alley,342-225-2780,Base Plan,Yes,Yes
1000,478882333,Alvy Iacovucci,aiacovuccirr@instagram.com,609 Hazelcrest Terrace,163-785-0807,SIM-Only,No,No
